ID,Organism,Species,Full-length Sequence,Pkinase Domain Sequence,Genebank
DM1-3 516R44,DM1-3 516R44,Solanum tuberosum Group Phureja,MEKAFTFFLLTILLLLHYVMTQTNITTDQLALLSLKSQISSDPFHYLNESWSPAINVCRWVGVTCGSRHQRVKSLNLSDMTLTGTIPRDLGNLTFLISLDLGSNNFHGNLPQEIARLSRLKFLDLSFNKFRGEIPSWFGFLERLQVLNLRSNSFTGFIPPSLSNASRLETLEISANLLEGNIPEEIGNLHNLNLLSIQHNKLTGSIPFTIFNISSIEVIAFTNNSLSGNLPNGLCNGLPILKELRLSVNKLHGHMPKSLSNCSQLQKLSLSGNDFDGPIHSEIGRLSNLQILYLGANHFTGIIPQEIGNLVNLMKLAVEINQITSSIPISIFNISSLQEVSLWKNNLKGSLPREIGNLTKMQFLYLEENRFTGEIPKEIRNLVELEELNLELNSFSGSLPMEIFNISRLRIMSLSANNLSGTLPPNIGSTLPNIEELYLHGLTNLVGTIPHSISNCSKLNNLELSQNKLTGLIPNSLGYLTHLHYLNLQRNNLTSDSFLSFLTSLTNCRNLTSLYLSFNPLNAMLPVSVGNFSKSLIKFDANACNIKGKIPNEVGNLSNLLDLDLSDNNLIGSIPTSIHNMRSLQRLDLRNNKLTGFIGDNLCKLQHLGDIYLGQNQLSGALPNCLGNITSLRFLHLDSNKLSSNIPTSLGNLKDLIKLHLSSNNMVGSLPPEIGGLQNLVHLSLRHNKLQGSIPDSVSNMVGLEFLDISHNDISGSIPMSMEKLQNLKYFNVSVNKLYGEIPSGGPFKNLSSQFFIDNEALCGSSRFSVPPCATSSKHRSNRKKMLVLFLVLGIALVFVPITFVFLWIRYRRGKRSPQRADSLSIATTERISYYELLQATDTLGESNLIGSGSFGSVYKGVLRSGTAIAVKVFNLQLEAAFKSFDTECEVLRSLRHRNLVKVITSCSNLDFKALVLEYMPNGSLDKYLYSHNYFLDIRQRLSIMIDVACALEYLHHGCSSPVIHCDLKPSNVLLDEDMVAHLSDFGISKLLGEDESDLYTKTLATFGYIAPEYGLDGLVSIKCDVYSYGIMLLETFTRRKPTEFEGDLSLKQWVSYSLPEAVMDVMDANLVTPMDNRLQKELDIVASIMKVALDCCAESPTRRTNMKDVVGMLQKIKIQLLAC,SNLIGSGSFGSVYKGVLRSGTAIAVKVFNLQLEAAFKSFDTECEVLRSLRHRNLVKVITSCSNLDFKALVLEYMPNGSLDKYLYSHNYFLDIRQRLSIMIDVACALEYLHHGCSSPVIHCDLKPSNVLLDEDMVAHLSDFGISKLLGEDESDLYTKTLATFGYIAPEYGLDGLVSIKCDVYSYGIMLLETFTRRKPTEFEGDLSLKQWVSYSLPEAVMDVMDANLVTPMDNRLQKELDIVASIMKVALDCCAESPTRRTNMKDVV,OQ999431
ABN18357-1,CGN18357-1,S. abancayense,MEKAFTFFLLTILLLLHYVMTQTNITTDQLALLSLKSQISSDPFHYLNESWSPAINVCRWVGVTCGSHHQRVKSLNLSDMTLTGTIPRDLGNLTFLISLDLGSNNFHGNLPQEIARLSRLKFLDLSFNKFRGEIPSWFGFLERLQVLNLRSNSFTGFIPPSLSNASRLETLEISANLLEGNIPEEIGNLHNLNLLSIQHNKLTGSIPFTIFNISSIEVIAFTNNSLSGNLPNGLCNGLPILKELRLSVNKLHGHMPKSLSNCSQLQKLSLSGNDFDGPIHSEIGRLSNLQILYLGANHFTGIIPQEIGNLVNLMKLGVEINQITNSIPISIFNISSLQEVSLWKNNLKGSLPREIGNLTKMQFLYLEENRFTGTYTFNLSDSNLNSLRDKLILSSGEIPKEIRNLVELEELNLELNSFSGSLPMEIFNISRLRIMSLSANNLSGTLPPNIGSTLPNIEELYLHGLTNLVGTIPHSISNCSKLNNLELSQNKLTGLIPNSLGYLTHLHYLNLRRNNLTSDSFLSFLTSLTNCRNLTSLYLSFNPLNAMLPVSVGNFSISLIKFDANACNIKGKIPNEVGNLSNLLDLDLSDNNLIGSIPTSIHNMRSLQRLDLRNNKLTGFIGDNLCKLQHLGDIYLGQNQLSGALPNCLGNITSLRFLHLDSNKLSSNIPTSLGNLKDLIKLHLSSNNMVGSLPPEIGGLQNLVQLSLRHNKLQGSIPDSVSNMVGLEFLDISHNNISGSIPMSMEKLQNLKYFNVSVNKLYGEIPSGGPFKNLSSQFFIDNEALCGSSRFSVPPCATSSKHRSNRKKMLVLFLVLGIALVFVPITFVFLWIRYRRGKRSPQRADSLSIATTERISYYELLQATDTLGESNLIGSGSFGSVYKGVLRSGTAIAVKVFNLQLEAAFKSFDTECEVLRSLRHRNLVKVITSCSNLDFKALVLEYMPNGSLDKYLYSHNYFLDIRQRLSIMIDVACALEYLHHGCSSPVIHCDLKPSNVLLDEDMVAHLSDFGISKLLGEDESDLDTKTLATFGYIAPEYGLDGLVSIKCDVYSYGIMLLETFTRRKPTEFEGDLSLKQWVSYSLPEAVMDVMDANLVTPMDNCLQKELDIVASIMKVALDCCAESPTRRTNMKDVVGMLQKINIQLLAC,SNLIGSGSFGSVYKGVLRSGTAIAVKVFNLQLEAAFKSFDTECEVLRSLRHRNLVKVITSCSNLDFKALVLEYMPNGSLDKYLYSHNYFLDIRQRLSIMIDVACALEYLHHGCSSPVIHCDLKPSNVLLDEDMVAHLSDFGISKLLGEDESDLDTKTLATFGYIAPEYGLDGLVSIKCDVYSYGIMLLETFTRRKPTEFEGDLSLKQWVSYSLPEAVMDVMDANLVTPMDNCLQKELDIVASIMKVALDCCAESPTRRTNMKDVV,OQ999432
ABN18357-2,CGN18357-2,S. abancayense,MEKAFTFFLLTILLLLHYVMTQTNITTDQLALLSLKSQISSDPFHYLNESWSPAINVCRWVGVTCGSHHQRVKSLNLSDMTLTGTIPRDLGNLTFLISLDLGSNNFHGNLPQEIARLSRLKFLDLSFNKFRGEIPSWFGFLERLQVLNLRSNSFTGFIPPSLSNASRLETLEISANLLEGNIPEEIGNLHNLNLLSIQHNKLTGSIPFTIFNISSIEVIAFTNNSLSGNLPNGLCNGLPILKELRLSVNKLHGHMPKSLSNCSQLQKLSLSGNDFDGPIHSEIGRLSNLQILYLGANHFTGIIPQEIGNLVNLMKLGVEINQITNSIPISIFNISSLQEVSLWKNNLKGSLPREIGNLTKMQFLYLEENRFTGEIPKEIRNLVELEELNLELNSFSGSLPMEIFNISRLRIMSLSANNLSGTLPPNIGSTLPNIEELYLHGLTNLVGTIPHSISNCSKLNNLELSQNKLTGLIPNSLGYLTHLHYLNLRRNNLTSDSFLSFLTSLTNCRNLTSLYLSFNPLNAMLPVSVGNFSISLIKFDANACNIKGKIPNEVGNLSNLLDLDLSDNNLIGSIPTSIHNMRSLQRLDLRNNKLTGFIGDNLCKLQHLGDIYLGQNQLSGALPNCLGNITSLRFLHLDSNKLSSNIPTSLGNLKDLIKLHLSSNNMVGSLPPEIGGLQNLVQLSLRHNKLQGSIPDSVSNMVGLEFLDISHNNISGSIPMSMEKLQNLKYFNVSVNKLYGEIPSGGPFKNLSSQFFIDNEALCGSSRFSVPPCATSSKHRSNRKKMLVLFLVLGIALVFVPITFVFLWIRYRRGKRSPQRADSLSIATTERISYYELLQATDTLGESNLIGSGSFGSVYKGVLRSGTAIAVKVFNLQLEAAFKSFDTECEVLRSLRHRNLVKVITSCSNLDFKALVLEYMPNGSLDKYLYSHNYFLDIRQRLSIMIDVACALEYLHHGCSSPVIHCDLKPSNVLLDEDMVAHLSDFGISKLLGEDESDLYTKTLATFGYIAPEYGLDGLVSIKCDVYSYGIMLLETFTRRKPTEFEGDLSLKQWVSYSLPEAVMDVMDANLVTPMDNCLQKELDIVASIMKVALDCCAESPTRRTNMKDVVGMLQKINIQLLAC,SNLIGSGSFGSVYKGVLRSGTAIAVKVFNLQLEAAFKSFDTECEVLRSLRHRNLVKVITSCSNLDFKALVLEYMPNGSLDKYLYSHNYFLDIRQRLSIMIDVACALEYLHHGCSSPVIHCDLKPSNVLLDEDMVAHLSDFGISKLLGEDESDLYTKTLATFGYIAPEYGLDGLVSIKCDVYSYGIMLLETFTRRKPTEFEGDLSLKQWVSYSLPEAVMDVMDANLVTPMDNCLQKELDIVASIMKVALDCCAESPTRRTNMKDVV,OQ999433
ADG240-2,ADG240-2,S. tuberosum Andigenum Group,MEKAFTFFLLTILLLLHYVMTQTNITTDQLALLSLKSQISSDPFHYLNESWSPAINVCRWVGVTCGSRHQRVKSLNLSDMTLTGTIPRDLGNLTFLISLDLGSNNFHGNLPQEIARLSRLKFLDLSFNKFRGEIPSWFGFLERLQVLNLRSNSFTGFIPPSLSNASRLETLEISANLLEGNIPEEIGNLHNLNLLSIQHNKLTGSIPFTIFNISSIEVIAFTNNSLSGNLPNGLCNGLPILKELRLSVNKLHGHMPKSLSNCSQLQKLSLSGNDFDGPIHSEIGRLSNLQILYLGANHFTGIIPQEIGNLVNLMKLGVEINQITSSIPISIFNISSLQEVSLWKNNLKGSLPREIGNLTKMQFLYLEENRFTGEIPKEIRNLVELEELNLELNSFSGSLPMEIFNISRLRIMSLSANNLSGTLPPNIGSTLPNIEELYLHGLTNLVGTIPHSISNCSKLNNLELSQNKLTGLIPNSLGYLTHLHYLNLQRNNLTSDSFLSFLTSLTNCRNLTSLYLSFNPLNAMLPVSVGNFSKSLIKFDANACNIKGKIPNEVGNLSNLLDLDLSDNNLIGSIPTSIHNMRSLQRLDLRNNKLTGFIGDNLCKLQHLGDIYLGQNQLSGALPNCLGNITSLRFLHLDSNKLSSNIPTSLGNLKDLIKLHLSSNNMVGSLPPEIGGLQNLVHLSLRHNKLQGSIPDSVSNMVGLEFLDISHNDISGSIPMSMEKLQNLKYFNVSVNKLYGEIPSGGPFKNLSSQFFIDNEALCGSSRFSVPPCATSSKHRSNRKKMLVLFLVLGIALVFVPITFVFLWIRYRRGKRSPQRADSLSIATTERISYYELLQATDTLGESNLIGSGSFGSVYKGVLRSGTAIAVKVFNLQLEAAFKSFDTECEVLRSLRHRNLVKVITSCSNLDFKALVLEYMPNGSLDKYLYSHNYFLDIRQRLSIMIDVACALEYLHHGCSSPVIHCDLKPSNVLLDEDMVAHLSDFGISKLLGEDESDLYTKTLATFGYIAPEYGLDGLVSIKCDVYSYGIMLLETFTRRKPTEFEGDLSLKQWVSYSLPEAVMDVMDANLVTPMDNRLQKELDIVASIMKVALDCCAESPTRRTNMKDVVGMLQKIKIQLLAC,SNLIGSGSFGSVYKGVLRSGTAIAVKVFNLQLEAAFKSFDTECEVLRSLRHRNLVKVITSCSNLDFKALVLEYMPNGSLDKYLYSHNYFLDIRQRLSIMIDVACALEYLHHGCSSPVIHCDLKPSNVLLDEDMVAHLSDFGISKLLGEDESDLYTKTLATFGYIAPEYGLDGLVSIKCDVYSYGIMLLETFTRRKPTEFEGDLSLKQWVSYSLPEAVMDVMDANLVTPMDNRLQKELDIVASIMKVALDCCAESPTRRTNMKDVV,OQ999434
Altus,cv. Altus,S. tuberosum,MEKAFTFFLLTILLLLHYVMTQTNITTDQLALLSLKSQISSDPFHYLNESWSPAINVCRWVGVTCGSRHQRVKSLNLSDMTLTGTIPRDLGNLTFLISLDLGSNNFHGNLPQEIARLSRLKFLDLSFNKFRGEIPSWFGFLERLQVLNLRSNSFTGFIPPSLSNASRLETLEISANLLEGNIPEEIGNLHNLNLLSIQHNKLTGSIPFTIFNISSIEVIAFTNNSLSGNLPNGLCNGLPILKELRLSVNKLHGHMPKSLSNCSQLQKLSLSGNDFDGPIHSEIGRLSNLQILYLGANHFTGIIPQEIGNLVNLMKLGVEINQITSSIPISIFNISSLQEVSLWKNNLKGSLPREIGNLTKMQFLYLEENRFTGEIPKEIRNLVELEELNLELNSFSGSLPMEIFNISRLRIMSLSANNLSGTLPPNIGSTLPNIEELYLHGLTNLVGTIPHSISNCSKLNNLELSQNKLTGLIPNSLGYLTHLHYLNLQRNNLTSDSFLSFLTSLTNCRNLTSLYLSFNPLNAMLPVSVGNFSKSLIKFDANACNIKGKIPNEVGNLSNLLDLDLSDNNLIGSIPTSIHNMRSLQRLDLRNNKLTGFIGDNLCKLQHLGDIYLGQNQLSGALPNCLGNITSLRFLHLDSNKLSSNIPTSLGNLKDLIKLHLSSNNMVGSLPPEIGGLQNLVHLSLRHNKLQGSIPDSVSNMVGLEFLDISHNDISGSIPMSMEKLQNLKYFNVSVNKLYGEIPSGGPFKNLSSQFFIDNEALCGSSRFSVPPCATSSKHRSNRKKMLVLFLVLGIALVFVPITFVFLWIRYRRGKRSPQRADSLSIATTERISYYELLQATDTLGESNLIGSGSFGSVYKGVLRSGTAIAVKVFNLQLEAAFKSFDTECEVLRSLRHRNLVKVITSCSNLDFKALVLEYMPNGSLDKYLYSHNYFLDIRQRLSIMIDVACALEYLHHGCSSPVIHCDLKPSNVLLDEDMVAHLSDFGISKLLGEDESDLYTKTLATFGYIAPEYGLDGLVSIKCDVYSYGIMLLETFTRRKPTEFEGDLSLKQWVSYSLPEAVMDVMDANLVTPMDNRLQKELDIVASIMKVALDCCAESPTRRTNMKDVVGMLQKIKIQLLAC,SNLIGSGSFGSVYKGVLRSGTAIAVKVFNLQLEAAFKSFDTECEVLRSLRHRNLVKVITSCSNLDFKALVLEYMPNGSLDKYLYSHNYFLDIRQRLSIMIDVACALEYLHHGCSSPVIHCDLKPSNVLLDEDMVAHLSDFGISKLLGEDESDLYTKTLATFGYIAPEYGLDGLVSIKCDVYSYGIMLLETFTRRKPTEFEGDLSLKQWVSYSLPEAVMDVMDANLVTPMDNRLQKELDIVASIMKVALDCCAESPTRRTNMKDVV,OQ999435
BER483-1-1,BER483-01,S. berthaultii,MEKTFTFFLLTILLLLHYVMTQTNITTDQLALLSLKSQISSDPFHYLDESWSPTIYVCHWVGVTCDYRHQRVKSLNLSDMALTGRIPRDFGNLTFLVSLDLGSNNFHGNLPQEMVRLRRLKFLELSFNKFRGEIPSWFGFLKQLQVLNLQNNSFTGFIPPSLSNASRLETLQISANLLEGNIPEEIGNLHNLKLLYIRNNKLTGSIPFTIFNISSIQVIAFTNNRLSGNLPNGLCNGLPILKELLLSVNKLHGHMPKSLSNCSQLQILSLSGNDFDGPIHSEIGRLSNLQILYLGANHFTGIIPQEIGNLVNLMELAVEINQITSSIPISIFNISSLQFVSLWRNNLKGSLPREIGNLTKMQFLYLEENRFTGEIPKEIRNLVELEELTLQENSFSGSLPMEIFNISRLRIIALSNNNLSGTLPPNIGSTLPNIEELYLHGLTNLVGTIPHSISNCSKLNNLELSQNKLTGMIPNSLGHLTHLHYLNLRRNNLTSDSFLSFLTSLTNCRNLASLYLSFNPLNAMLPVSVGNFSISLIKFDANACNIKGKIPNEVGNLSNLLVLQLSDNNLIGSIPTSIHNLRSLQRLDLNNNKLTGFIGDNLCKLQHLGDIYLGQNQLSGSLPNCLGNVTSLRLIYLDSNKLSSNIPTSLGNLKDLIELDLSSNNMVGSLPPEIGGLQNLVHLSLRHNKLQGFIPDSVSNMVGLEFLDISHNNISGTIPMSMEKLQNLKYFNVSVNKMYGEIPSGGPFMNLSSQFFINNEALCGSSRFSVPPCATSSKHRSNRKKMLVLFLVLGIALVFVPIAFLFIWIRYRRGKRSPQQADSLSIATTERISYYELLQATDTLGESNLIGSGSFGSVYKGILRSGTAIAVKVFNLQLEAAFKSFDTECEVLRSLRHRNLMKVITSCSNLDFKALVLEYMPNGSLDKYLYSHNYFLDIRQRLSIMIDVACALEYLHHGCSSPVIHCDLKPSNVLLDEDMVAHLSDFGISKLLGEDESDLYTKTLATFGYIAPEYGLDGLVSIKCDVYSYGIMLLETFTRRKPTEFEGDLSLKQWVSYSFPEAVMDVMDANLVTPMDNRLQKELDIVASIMKVALDCCAESPTRRTNMKDVVGMLQKIKIQLLAC,SNLIGSGSFGSVYKGILRSGTAIAVKVFNLQLEAAFKSFDTECEVLRSLRHRNLMKVITSCSNLDFKALVLEYMPNGSLDKYLYSHNYFLDIRQRLSIMIDVACALEYLHHGCSSPVIHCDLKPSNVLLDEDMVAHLSDFGISKLLGEDESDLYTKTLATFGYIAPEYGLDGLVSIKCDVYSYGIMLLETFTRRKPTEFEGDLSLKQWVSYSFPEAVMDVMDANLVTPMDNRLQKELDIVASIMKVALDCCAESPTRRTNMKDVV,OQ999436
BER483-1-2,BER483-01,S. berthaultii,MEKTFTFFLLTILLLLHYVMTQTNITTDQLALLSLKSQISSDPFHYLDESWSPTIYVCHWVGVTCDYRHQRVKSLNLSDMALTGRIPRDFGNLTFLVSLDLGSNNFHGNLPQEMVRLRRLKFLELSFNKFRGEIPSWFGFLKQLQVLNLQNNSFTGFIPPSLSNASRLETLQISANLLEGNIPEEIGNLHNLKLLYIRNNKLTGSIPFTIFNISSIQVIAFTNNRLSGNLPNGLCNGLPILKELLLSVNKLHGHMPKSLSNCSQLQILSLSGNDFDGPIHSEIGRLSNLQILYLGANHFTGIIPQEIGNLVNLMELAVEINQITSSIPISIFNISSLQFVSLWRNNLKGSLPREIGNLTKMQFLYLEENRFTGEIPKEIRNLVELEELTLQENSFSGSLPMEIFNISRLRIIALSNNNLSGTLPPNIGSTLPNIEELYLHGLTNLVGTIPHSISNCSKLNNLELSQNKLTGMIPNSLGHLTHLHYLNLRRNNLTSDSFLSFLTSLTNCRNLASLYLSFNPLNAMLPVSVGNFSISLIKFDANACNIKGKIPNEVGNLSNLLVLQLSDNNLIGSIPTSIHNLRSLQRLDLNNNKLTGFIGDNLCKLQHLGDIYLGQNQLSGSLPNCLGNVTSLRLIYLDSNKLSSNIPTSLGNLKDLIELDLSSNNMVGSLPPEIGGLQNLVHLSLRHNKLQGFIPDSVSNMVGLEFLDISHNNISGTIPMSMEKLQNLKYFNVSVNKMYGEIPSGGPFMNLSSQFFINNEALCGSSRFSVPPCATSSKHRSNRKKMLVLFLVLGIALVFVPIAFLFIWIRYRRGKRSPQQADSLSIATTERISYYELLQATDTLGESNLIGSGSFGSVYKGILRSGTAIAVKVFNLQLEAAFKSFDTECEVLRSLRHRNLMKVITSCSNLDFKALVLEYMPNGSLDKYLYSHNYFLDIRQRLSIMIDVACALEYLHHGCSSPVIHCDLKPSNVLLDEDMVAHLSDFGISKLLGEDESDLYTKTLATFGYIAPGTSLCFC,SNLIGSGSFGSVYKGILRSGTAIAVKVFNLQLEAAFKSFDTECEVLRSLRHRNLMKVITSCSNLDFKALVLEYMPNGSLDKYLYSHNYFLDIRQRLSIMIDVACALEYLHHGCSSPVIHCDLKPSNVLLDEDMVAHLSDFGISKLLGEDESDLYTKTLATFGYIAPGTSLCFC,OQ999437
BLV496-1,BLV 496-01,S. boliviense,MEKAFTFFLLTILLLLHYVMTQTNITTDQLALLSLKSQISSDPFHYLNESWSPAINVCRWVGVTCGSRHQRVKSLNLSDMTLTGTIPRDLGNLTFLISLDLGSNNFHGNLPQEIARLSRLKFLDLSFNKFRGEIPSWFGFLERLQVLNLRSNSFTGFIPPSLSNASRLETLEISANLLEGNIPEEIGNLHNLNLLSIQHNKLTGSIPFTIFNISSIEVIAFTNNSLSGNLPNGLCNGLPILKELRLSVNKLHGHMPKSLSNCSQLQKLSLSGNDFDGPIHSEIGRLSNLQILYLGANHFTGIIPQEIGNLVNLMKLGVEINQITSSIPISIFNISSLQEVSLWKNNLKGSLPREIGNLTKMQFLYLEENRFTGEIPKEIRNLVELEELNLELNSFSGSLPMEIFNISRLRIMSLSANNLSGTLPPNIGSTLPNIEELYLHGLTNLVGTIPHSISNCSKLNNLELSQNKLTGMIPNSLGYLTHLHYLNLQRNNLTSDSFLSFLTSLTNCRNLASLYLSFNPLNAMLPVSVGNFSISLIKFDANACNIKGKIPNEVGNLSNLLVLDLSDNNLIGSIPTSIHNLRSLQRLDLNNNKLTGFIGDNLCKLQHLGDIYLGQNQLSGSLPNCLGNVTSLRLIYLDSNKLSSNIPTSLGNLKDLIKLHLSSNNMVGSLPPEIGELQNLVHLSLRHNKLQGSIPDSVSNMVGLEFLDISHNNISGTIPMSMEKLQNLKYFNVSVNKLYGEIPSGGPFKNLSSQFFIDNEALCGSSRFSVPPCATSSKHRSNRKKMLVLFLVLGIALVFVPITFVFLWIRYRRGKRAPQQADSLCIVTTERISYYELLQATDTLGESNLIGSGSFGSVYKGVLRSGTAIAVKVFNLQLEAAFKSFDTECEVLRSLRHRNLVKVITSCSNLDFKALVLEYMPNGSLDMYLYSHNYFLDIRQRLSIMIDVACALEYLHHGCSSPVIHCDLKPSNVLLDEDMVAHLSDFGISKLLGEDESDLYTKTLATFGYIAPEYGLDGLVSIKCDVYSYGIMLLETFTRRKPTEFEGDLSLKQWVSYSLPEAVMDIMDANLVTPMDNHLQKELDIVVSIMKVALDCCVESPTRRTNMKDVVGMLQKIKIQLLAC,SNLIGSGSFGSVYKGVLRSGTAIAVKVFNLQLEAAFKSFDTECEVLRSLRHRNLVKVITSCSNLDFKALVLEYMPNGSLDMYLYSHNYFLDIRQRLSIMIDVACALEYLHHGCSSPVIHCDLKPSNVLLDEDMVAHLSDFGISKLLGEDESDLYTKTLATFGYIAPEYGLDGLVSIKCDVYSYGIMLLETFTRRKPTEFEGDLSLKQWVSYSLPEAVMDIMDANLVTPMDNHLQKELDIVVSIMKVALDCCVESPTRRTNMKDVV,OQ999438
CHA129-4-8,CHA129-4,S. tuberosum Chaucha Group,MEKTFTFFLLTILLLLHYVMTQTNITTDQLALLSLKSQISSDPFHYLDESWSPTIYVCHWVGVTCDYRHQRVKSLNLSDMALTGRIPRDFGNLTFLVSLDLGSNNFHGNLPQEMVRLRRLKFLELSFNKFRGEIPSWFGFLKQLRVLNLQNNSFTGFIPPSLSNASRLETLQISANLLEGNIPEEIGNLHNLKLLYIRHNKLTGSIPFTIFNISSIQVIAFTNNRLSGNLPNGLCNGLPILKELLLSVNKLDGHMPTSLSNCSQLQKLSLSGNDFDGPIHSEIGRLSNLQILYLGANHFTGIIPQEIGNLVNLMELAVEINQITSSIPISIFNISSLQFVSLWRNNLKGSLPREIGNLTKMQFLYLEENRFTGTYTFNLSDTNYLNSLRDKLILSSGEIPKEIRNLVELEELTLHFNSFSGSLPMEIFNISRLRIIALSNNNLSGTLPPNIGSTLPNIEELYLHGLTNLVGTIPHSISNCSKLNNLELSQNKLTGLIPNSLGYLTHLHYLNLQRNNLTSDSFLSFLTSLTNCRNLTSLYLSFNPLNAMLPVSVGNFSKSLIKFDANACNIKGKIPNEVGNLSNLLDLDLSDNNLIGSIPTSIHNMRSLQRLDLRNNKLTGFIGDNLCKLQHLGDIYLGQNQLSGALPNCLGNITSLRFLHLDSNKLSSNIPTSLGNLKDLIKLHLSSNNMVGSLPPEIGGLQNLVHLSLRHNKLQGSIPDSVSNMVGLEFLDISHNDISGSIPMSMEKLQNLKYFNVSVNKLYGEIPSGGPFKNLSSQFFIDNEALCGSSRFSVPPCATSSKHRSNRKKMLVLFLVLGIALVFVPITFVFLWIRYRRGKRSPQRADSLSIATTERISYYELLQATDTLGESNLIGSGSFGSVYKGVLRSGTAIAVKVFNLQLEAAFKSFDTECEVLRSLRHRNLVKVITSCSNLDFKALVLEYMPNGSLDKYLYSHNYFLDIRQRLSIMIDVACALEYLHHGCSSPVIHCDLKPSNVLLDEDMVAHLSDFGISKLLGEDESDLYTKTLATFGYIAPEYGLDGLVSIKCDVYSYGIMLLETFTRRKPTEFEGDLSLKQWVSYSLPEAVMDVMDANLVTPMDNRLQKELDIVASIMKVALDCCAESPTRRTNMKDVVGMLQKIKIQLLAC,SNLIGSGSFGSVYKGVLRSGTAIAVKVFNLQLEAAFKSFDTECEVLRSLRHRNLVKVITSCSNLDFKALVLEYMPNGSLDKYLYSHNYFLDIRQRLSIMIDVACALEYLHHGCSSPVIHCDLKPSNVLLDEDMVAHLSDFGISKLLGEDESDLYTKTLATFGYIAPEYGLDGLVSIKCDVYSYGIMLLETFTRRKPTEFEGDLSLKQWVSYSLPEAVMDVMDANLVTPMDNRLQKELDIVASIMKVALDCCAESPTRRTNMKDVV,OQ999439
CHA129-4-10,CHA129-4,S. tuberosum Chaucha Group,MEKAFTFFLLTILLLLHYVMTQTNITTDQLALLSLKSQISSDPFHYLNESWSPAINVCRWVGVTCGSRHQRVKSLNLSDMTLTGTIPRDLGNLTFLISLDLGSNNFHGNLPQEIARLSRLKFLDLSFNKFRGEIPSWFGFLERLQVLNLRSNSFTGFIPPSLSNASRLETLEISANLLEGNIPEEIGNLHNLNLLSIQHNKLTGSIPFTIFNISSIEVIAFTNNSLSGNLPNGLCNGLPILKELRLSVNKLHGHMPKSLSNCSQLQKLSLSGNDFDGPIHSEIGRLSNLQILYLGANHFTGIIPQEIGNLVNLMKLGVEINQITSSIPISIFNISSLQEVSLWKNNLKGSLPREIGNLTKMQFLYLEENRFTGEIPKEIRNPVELEELNLELNSFSGSLPMEIFNISRLRIMSLSANNLSGTLPPNIGSTLPNIEELYLHGLTNLVGTIPHSISNCSKLNNLELSQNKLTGLIPNSLGYLTHLHYLNLQRNNLTSDSFLSFLTSLTNCRNLTSLYLSFNPLNAMLPVSVGNFSKSLIKFDANACNIKGKIPNEVGNLSNLLDLDLSDNNLIGSIPTSIHNMRSLQRLDLRNNKLTGFIGDNLCKLQHLGDIYLGQNQLSGALPNCLGNITSLRFLHLDSNKLSSNIPTSLGNLKDLIKLHLSSNNMVGSLPPEIGGLQNLVHLSLRHNKLQGSIPDSVSNMVGLEFLDISHNDISGSIPMSMEKLQNLKYFNVSVNKLYGEIPSGGPFKNLSSQFFIDNEALCGSSRFSVPPCATSSKHRSNRKKMLVLFLVLGIALVFVPITFVFLWIRYRRGKRSPQRADSLSIATTERISYYELLQATDTLGESNLIGSGSFGSVYKGVLRSGTAIAVKVFNLQLEAAFKSFDTECEVLRSLRHRNLVKVITSCSNLDFKALVLEYMPNGSLDKYLYSHNYFLDIRQRLSIMIDVACALEYLHHGCSSPVIHCDLKPSNVLLDEDMVAHLSDFGISKLLGEDESDLYTKTLATFGYIAPEYGLDGLVSIKCDVYSYGIMLLETFTRRKPTEFEGDLSLKQWVSYSLPEAVMDVMDANLVTPMDNRLQKELDIVASIMKVALDCCAESPTRRTNMKDVVGMLQKIKIQLLAC,SNLIGSGSFGSVYKGVLRSGTAIAVKVFNLQLEAAFKSFDTECEVLRSLRHRNLVKVITSCSNLDFKALVLEYMPNGSLDKYLYSHNYFLDIRQRLSIMIDVACALEYLHHGCSSPVIHCDLKPSNVLLDEDMVAHLSDFGISKLLGEDESDLYTKTLATFGYIAPEYGLDGLVSIKCDVYSYGIMLLETFTRRKPTEFEGDLSLKQWVSYSLPEAVMDVMDANLVTPMDNRLQKELDIVASIMKVALDCCAESPTRRTNMKDVV,OQ999440
CHA129-4-33,CHA129-4,S. tuberosum Chaucha Group,MEKAFTFFLLTILLLLHYVMTQTNITTDQLALLSLKSQISSDPFHYLNESWSPAINVCRWVGVTCGSRHQRVKSLNLSDMTLTGTIPRDLGNLTFLISLDLGSNNFHGNLPQEIARLSRLKFLDLSFNKFRGEIPSWFGFLERLQVLNLRSNSFTGFIPPSLSNASRLETLEISANLLEGNIPEEIGNLHNLNLLSIQHNKLTGSIPFTIFNISSIEVIAFTNNSLSGNLPNGLCNGLPILKELRLSVNKLHGHMPKSLSNCSQLQKLSLSGNDFDGPIHSEIGRLSNLQILYLGANHFTGIIPQEIGNLVNLMKLGVEINQITSSIPISIFNISSLQEVSLWKNNLKGSLPREIGNLTKMQFLYLEENRFTGEIPKEIRNLVELEELNLELNSFSGSLPMEIFNISRLRIMSLSANNLSGTLPPNIGSTLPNIEELYLHGLTNLVGTIPHSISNCSKLNNLELSQNKLTGLIPNSLGYLTHLHYLNLQRNNLTSDSFLSFLTSLTNCRNLTSLYLSFNPLNAMLPVSVGNFSKSLIKFDANACNIKGKIPNEVGNLSNLLDLDLSDNNLIGSIPTSIHNMRSLQRLDLRNNKLTGFIGDNLCKLQHLGDIYLGQNQLSGALPNCLGNITSLRFLHLDSNKLSSNIPTSLGNLKDLIKLHLSSNNMVGSLPPEIGGLQNLVHLSLRHNKLQGSIPDSVSNMVGLEFLDISHNDISGSIPMSMEKLQNLKYFNVSVNKLYGEIPSGGPFKNLSSQFFIDNEALCGSSRFSVPPCATSSKHRSNRKKMLVLFLVLGIALVFVPITFVFLWIRYRRGKRSPQRADSLSIATTERISYYELLQATDTLGESNLIGSGSFGSVYKGVLRSGTAIAVKVFNLQLEAAFKSFDTECEVLRSLRHRNLVKVITSCSNLDFKALVLEYMPNGSLDKYLYSHNYFLDIRQRLSIMIDVACALEYLHHGCSSPVIHCDLKPSNVLLDEDMVAHLSDFGISKLLGEDESDLYTKTLATFGYIAPEYGLDGLVSIKCDVYSYGIMLLETFTRRKPTEFEGDLSLKQWVSYSLPEAVMDVMDANLVTPMDNRLQKELDIVASIMKVALDCCAESPTRRTNMKDVVGMLQKIKIQLLAC,SNLIGSGSFGSVYKGVLRSGTAIAVKVFNLQLEAAFKSFDTECEVLRSLRHRNLVKVITSCSNLDFKALVLEYMPNGSLDKYLYSHNYFLDIRQRLSIMIDVACALEYLHHGCSSPVIHCDLKPSNVLLDEDMVAHLSDFGISKLLGEDESDLYTKTLATFGYIAPEYGLDGLVSIKCDVYSYGIMLLETFTRRKPTEFEGDLSLKQWVSYSLPEAVMDVMDANLVTPMDNRLQKELDIVASIMKVALDCCAESPTRRTNMKDVV,OQ999441
CND18137-3,CGN18137-3,S. candolleanum,MEKAFTFFLLTILLLLHYVMTQTNITTDQLALLSLKSQISSDPFHYLNESWSPAINVCRWVGVTCGSRHQRVKSLNLSDMTLTGTIPRDLGNLTFLISLDLGSNNFHGNLPQEIARLSRLKFLDLSFNKFRGEIPSWFGFLERLQVLNLRSNSFTGFIPPSLSNASRLETLEISANLLEGNIPEEIGNLHNLNLLSIQHNKLTGSIPFTIFNISSIEVIAFTNNSLSGNLPNGLCNGLPILKELRLSVNKLHGHMPKSLSNCSQLQKLSLSGNDFDGPIHSEIGRLSNLQILYLGANHFTGIIPQEIGNLVNLMKLGVEINQITSSIPISIFNISSLQEVSLWKNNLKGSLPREIGNLTKMQFLYLEENRFTGEIPKEIRNLVELEELNLELNSFSGSLPMEIFNISRLRIMSLSANNLSGTLPPNIGSTLPNIEELYLHGLTNLVGTIPHSISNCSKLNNLELSQNKLTGLIPNSLGYLTHLRYLNLQRNNLTSDSFLSFLTSLTNCRNLTSLYLSFNPLNAMLPVSVGNFSKSLIKFDANACNIKGKIPNEVGNLSNLLDLDLSDNNLIGSIPTSIHNMRSLQRLDLRNNKLTGFIGDNLCKLQHLGDIYLGQNQLSGALPNCLGNITSLRFLHLDSNKLSSNIPTSLGNLKDLIKLHLSSNNMVGSLPPEIGGLQNLVHLSLRHNKLQGSIPDSVSNMVGLEFLDISHNDISGSIPMSMEKLQNLKYFNVSVNKLYGEIPSGGPFKNLSSQFFIDNEALCGSSRFSVPPCATSSKHRSNRKKMLVLFLVLGIALVFVPITFVFLWIRYRRGKRSPQRADSLSIATTERISYYELLQATDTLGESNLIGSGSFGSVYKGVLRSGTAIAVKVFNLQLEAAFKSFDTECEVLRSLRHRNLVKVITSCSNLDFKALVLEYMPNGSLDKYLYSHNYFLDIRQRLSIMIDVACALEYLHHGCSSPVIHCDLKPSNVLLDEDMVAHLSDFGISKLLGEDESDLYTKTLATFGYIAPEYGLDGLVSIKCDVYSYGIMLLETFTRRKPTEFEGDLSLKQWVSYSLPEAVMDVMDANLVTPMDNRLQKELDIVASIMKVALDCCAESPTRRTNMKDVVGMLQKIKIQLLAC,SNLIGSGSFGSVYKGVLRSGTAIAVKVFNLQLEAAFKSFDTECEVLRSLRHRNLVKVITSCSNLDFKALVLEYMPNGSLDKYLYSHNYFLDIRQRLSIMIDVACALEYLHHGCSSPVIHCDLKPSNVLLDEDMVAHLSDFGISKLLGEDESDLYTKTLATFGYIAPEYGLDGLVSIKCDVYSYGIMLLETFTRRKPTEFEGDLSLKQWVSYSLPEAVMDVMDANLVTPMDNRLQKELDIVASIMKVALDCCAESPTRRTNMKDVV,OQ999442
Colomba-6,cv. Colomba,S. tuberosum,MEKAFTFFLLTILLLLHYVMTQTNITTDQLALLSLKSQISSDPFHYLNESWSPAINVCRWVGVTCGSRHQRVKSLNLSDMTLTGTIPRDLGNLTFLISLDLGSNNFHGNLPQEIARLSRLKFLDLSFNKFRGEIPSWFGFLERLQVLNLRSNSFTGFIPPSLSNASRLETLEISANLLEGNIPEEIGNLHNLNLLSIQHNKLTGSIPFTIFNISSIEVIAFTNNSLSGNLPNGLCNGLPILKELRLSVNKLHGHMPKSLSNCSQLQKLSLSGNDFDGPIHSEIGRLSNLQILYLGANHFTGIIPQEIGNLVNLMKLGVEINQITSSIPISIFNISSLQEVSLWKNNLKGSLPREIGNLTKMQFLYLEENRFTGEIPKEIRNLVELEELNLELNSFSGSLPMEIFNISRLRIMSLSANNLSGTLPPNIGSTLPNIEELYLHGLTNLVGTIPHSISNCSKLNNLELSQNKLTGLIPNSLGYLTHLHYLNLQRNNLTSDSFLSFLTSLTNCRNLTSLYLSFNPLNAMLPVSVGNFSKSLIKFDANACNIKGKIPNEVGNLSNLLDLDLSDNNLIGSIPTSIHNMRSLQRLDLRNNKLTGFIGDNLCKLQHLGDIYLGQNQLSGALPNCLGNITSLRFLHLDSNKLSSNIPTSLGNLKDLIKLHLSSNNMVGSLPPEIGGLQNLVHLSLRHNKLQGSIPDSVSNMVGLEFLDISHNDISGSIPMSMEKLQNLKYFNVSVNKLYGEIPSGGPFKNLSSQFFIDNEALCGSSRFSVPPCATSSKHRSNRKKMLVLFLVLGIALVFVPITFVFLWIRYRRGKRSPQRADSLSIATTERISYYELLQATDTLGESNLIGSGSFGSVYKGVLRSGTAIAVKVFNLQLEAAFKSFDTECEVLRSLRHRNLVKVITSCSNLDFKALVLEYMPNGSLDKYLYSHNYFLDIRQRLSIMIDVACALEYLHHGCSSPVIHCDLKPSNVLLDEDMVAHLSDFGISKLLGEDESDLYTKTLATFGYIAPEYGLDGLVSIKCDVYSYGIMLLETFTRRKPTEFEGDLSLKQWVSYSLPEAVMDVMDANLVTPMDNRLQKELDIVASIMKVALDCCAESPTRRTNMKDVVGMLQKIKIQLLAC,SNLIGSGSFGSVYKGVLRSGTAIAVKVFNLQLEAAFKSFDTECEVLRSLRHRNLVKVITSCSNLDFKALVLEYMPNGSLDKYLYSHNYFLDIRQRLSIMIDVACALEYLHHGCSSPVIHCDLKPSNVLLDEDMVAHLSDFGISKLLGEDESDLYTKTLATFGYIAPEYGLDGLVSIKCDVYSYGIMLLETFTRRKPTEFEGDLSLKQWVSYSLPEAVMDVMDANLVTPMDNRLQKELDIVASIMKVALDCCAESPTRRTNMKDVV,OQ999443
Colomba-10,cv. Colomba,S. tuberosum,MEKAFTFFLLTILLLLHYVMTQTNITTDQLALLSLKSQISSDPFHYLNESWSPAINVCRWVGVTCGSRHQRVKSLNLSDMTLTGTIPRDLGNLTFLISLDLGSNNFHGNLPQEIARLSRLKFLDLSFNKFRGEIPSWFGFLERLQVLNLRSNSFTGFIPPSLSNASRLETLEISANLLEENIPEEIGNLHNLNLLSIQHNKLTGSIPFTIFNISSIEVIAFTNNSLSGNLPNGLCNGLPILKELRLSVNKLHGHMPKSLSNCSQLQKLSLSGNDFDGPIHSEIGRLSNLQILYLGANHFTGIIPQEIGNLVNLMKLGVEINQITSSIPISIFNISSLQEVSLWKNNLKGSLPREIGNLTKMQFLYLEENRFTGTYTFNLSDSNLNSLRDKLILSSGEIPKEIRNLVELEELNLELNSFSGSLPMEIFNISRLRIMSLSANNLSGTLPPNIGSTLPNIEELYLHGLTNLVGTIPHSISNCSKLNNLELSQNKLTGLIPNSLGYLTHLHYLNLQRNNLTSDSFLSFLTSLTNCRNLTSLYLSFNPLNAMLPVSVGNFSKSLIKFDANACNIKGKIPNEVGNLSNLLDLDLSDNNLIGSIPTSIHNMRSLQRLDLRNNKLTGFIGDNLCKLQHLGDIYLGQNQLSGALPNCLGNITSLRFLHLDSNKLSSNIPTSLGNLKDLIKLHLSSNNMVGSLPPEIGGLQNLVHLSLRHNKLQGSIPDSVSNMVGLEFLDISHNDISGSIPMSMEKLQNLKYFNVSVNKLYGEIPSGGPFKNLSSQFFIDNEALCGSSRFSVPPCATSSKHRSNRKKMLVLFLVLGIALVFVPITFVFLWIRYRRGKRSPQRADSLSIATTERISYYELLQATDTLGESNLIGSGSFGSVYKGVLRSGTAIAVKVFNLQLEAAFKSFDTECEVLRSLRHRNLVKVITSCSNLDFKALVLEYMPNGSLDKYLYSHNYFLDIRQRLSIMIDVACALEYLHHGCSSPVIHCDLKPSNVLLDEDMVAHLSDFGISKLLGEDESDLYTKTLATFGYIAPEYGLDGLVSIKCDVYSYGIMLLETFTRRKPTEFEGDLSLKQWVSYSLPEAVMDVMDANLVTPMDNRLQKELDIVASIMKVALDCCAESPTRRTNMKDVVGMLQKIKIQLLAC,SNLIGSGSFGSVYKGVLRSGTAIAVKVFNLQLEAAFKSFDTECEVLRSLRHRNLVKVITSCSNLDFKALVLEYMPNGSLDKYLYSHNYFLDIRQRLSIMIDVACALEYLHHGCSSPVIHCDLKPSNVLLDEDMVAHLSDFGISKLLGEDESDLYTKTLATFGYIAPEYGLDGLVSIKCDVYSYGIMLLETFTRRKPTEFEGDLSLKQWVSYSLPEAVMDVMDANLVTPMDNRLQKELDIVASIMKVALDCCAESPTRRTNMKDVV,OQ999444
DDS144-3-11,DDS144-3,S. doddsii,MEKTFTFFLLTILLLLHYVMTQTNITTDQLALLSLKSQISSDPFHYLDESWSPTIYVCHWVGVTCDYRHQRVKSLNLSDMALTGRIPRDFGNLTFLVSLDLGSNNFHGNLPQEMVRLRRLKFLELSFNKFRGEIPSWFGFLKQLQVLNLQNNSFTGFIPPSLSNASRLETLQISANLLEGNIPEEIGNLHNLKLLYIRHNKLTGSIPFTIFNISSIQVIAFTNNRLSGNLPNGLCNGLPILKELLLSVNKLHGHMPKSLSNCSQLQILSLSGNDFDGPIHSEIGRLSNLQILYLGANHFTGIIPQEIGNLVNLMELAVEINQITSSIPISIFNISSLQDVSLWRNNLKGSLPREIGNLTKMQFLYLEENRFTGEIPKEIRNLVELEELTLHFNSFSGSLPMEIFNISRLRIIALSNNNLSGTLPPNIGSTLPNIEELYLHGLTNLVGTIPHSISNCSKLNNLELSQNKLTGMIPNSLGHLTHLHYLNLRRNNLTSDSFLSFLTSLTNCRNLASLYLSFNPLNAMLPVSVGNFSISLIKFDANACNIKGKIPNEVGNLSNLLVLQLSDNNLIGSIPTSIHNLRSLQRLDLNNNKLTGFIGDNLCKLQHLGDIYLGQNQLSGSLPNCLGNVTSLRLIYLDSNKLSSNIPTSLGNLKDLIELDLSSNNMVGSLPPEIGGLQNLVHLSLRHNKLQGSIPDSVSNMVGLEFLDISHNNLSGTIPMSMEKLQNLKYFNVSVNKLYGEIPSGGPFMNLSSQFFINNEALCGSSRFSVPPCATSSKHRSNRKKMLVLFLVLGIALVFVPIAFLFIWIRYRRGKRSPQQADSLSIATTERISYYELLQATDTLGESNLIGSGSFGSVYKGILRSGTAIAVKVFNLQLEAAFKSFDTECEVLRSLRHRNLMKVITSCSNLDFKALVLEYMPNGSLDKYLYSHNYFLDIRQRLSIMIDVACALEYLHHGCSSPVIHCDLKPSNVLLDEDMVAHLSDFGISKLLGEDESDLYTKTLATFGYIAPEYGLDGLVSIKCDVYSYGIMLLETFTRRKPTEFEGDLSLKQWVSYSFPEAVMDVMDANLVTPMDNRLQKELDIVASIMKVALDCCAESPPRRTNMKDVVGMLQKIKIQLLAC,SNLIGSGSFGSVYKGILRSGTAIAVKVFNLQLEAAFKSFDTECEVLRSLRHRNLMKVITSCSNLDFKALVLEYMPNGSLDKYLYSHNYFLDIRQRLSIMIDVACALEYLHHGCSSPVIHCDLKPSNVLLDEDMVAHLSDFGISKLLGEDESDLYTKTLATFGYIAPEYGLDGLVSIKCDVYSYGIMLLETFTRRKPTEFEGDLSLKQWVSYSFPEAVMDVMDANLVTPMDNRLQKELDIVASIMKVALDCCAESPPRRTNMKDVV,OQ999445
DDS144-3-12,DDS144-3,S. doddsii,MEKTFTFFLLTILLLLHYVMTQTNITTDQLALLSLKSQISSDPFHYLDESWSPTIYVCHWVGVTCDYRHQRVKSLNLSDMALTGRIPRDFGNLTFLVSLDLGSNNFHGNLPQEMVRLRRLKFLELSFNKFRGEIPSWFGFLKQLQVLNLQNNSFTGFIPPSLSNASRLETLQISANLLEGNIPEEIGNLHNLKLLYIRHNKLTGSIPFTIFNISSIQVIAFTNNRLSGNLPNGLCNGLPILKELLLSVNKLHGHMPKSLSNCSQLQILSLSGNDFDGPIHSEIGRLSNLQILYLGANHFTGIIPQEIGNLVNLMELAVEINQITSSIPISIFNISSLQDVSLWRNNLKGSLPREIGNLTKMQFLYLEENRFTGEIPKEIRNLVELEELTLHFNSFSGSLPMEIFNISRLRIIALSNNNLSGTLPPNIGSTLPNIEELYLHGLTNLVGTIPHSISNCSKLNNLELSQNKLTGMIPNSLGHLTHLHYLNLRRNNLTSDSFLSFLTSLTNCRNLASLYLSFNPLNAMLPVSVGNFSISLIKFDANACNIKGKIPNEVGNLSNLLVLQLSDNNLIGSIPTSIHNLRSLQRLDLNNNKLTGFIGDNLCKLQHLGDIYLGQNQLSGSLPNCLGNVTSLRLIYLDSNKLSSNIPTSLGNLKDLIELDLSSNNMVGSLPPEIGGLQNLVHLSLRHNKLQGSIPDSVSNMVGLEFLDISHNNLSGTIPMSMEKLQNLKYFNVSVNKLYGEIPSGGPFMNLSSQFFINNEALCGSSRFSVPPCATSSKHRSNRKKMLVLFLVLGIALVFVPIAFLFIWIRYRRGKRSPQQADSLSIATTERISYYELLQATDTLGESNLIGSGSFGSVYKGILRSGTAIAVKVFNLQLEAAFKSFDTECEVLRSLRHRNLMKVITSCSNLDFKALVLEYMPNGSLDKYLYSHNYFLDIRQRLSIMIDVACALEYLHHGCSSPVIHCDLKPSNVLLDEDMVAHLSDFGISKLLGEDESDLYTKTLATFGYIAPEYGLDGLVSIKCDVYSYGIMLLETFTRRKPTEFEGDLSLKQWVSYSFPEAVMDVMDANLVTPMDNRLQKELDIVASIMKVALDCCAESPTRRTNMKDVVGMLQKIKIQLLAC,SNLIGSGSFGSVYKGILRSGTAIAVKVFNLQLEAAFKSFDTECEVLRSLRHRNLMKVITSCSNLDFKALVLEYMPNGSLDKYLYSHNYFLDIRQRLSIMIDVACALEYLHHGCSSPVIHCDLKPSNVLLDEDMVAHLSDFGISKLLGEDESDLYTKTLATFGYIAPEYGLDGLVSIKCDVYSYGIMLLETFTRRKPTEFEGDLSLKQWVSYSFPEAVMDVMDANLVTPMDNRLQKELDIVASIMKVALDCCAESPTRRTNMKDVV,OQ999446
EDN150-4,EDN150-4,S. edinense,MEKAFTFFLLTILLLLHYVMTQTNITTDQLALLSLKSQISSDPFHYLNESWSPAINVCRWVGVTCGSRHQRVKSLNLSDMTLTGTIPRDLGNLTFLISLDLGSNNFHGNLPQEIARLSRLKFLDLSFNKFRGEIPSWFGFLERLQVLNLRSNSFTGFIPPSLSNASRLETLEISANLLEGNIPEEIGNLHNLNLLSIQHNKLTGSIPFTIFNISSIEVIAFTNNSLSGNLPNGLCNGLPILKELRLSVNKLHGHMPKSLSNCSQLQKLSLSGNDFDGPIHSEIGRLSNLQILYLGANHFTGIIPQEIGNLVNLMKLGVEINQITSSIPISIFNISSLQEVSLWKNNLKGSLPREIGNLTKMQFLYLEENRFTGEIPKEIRNLVELEELNLELNSFSGSLPMEIFNISRLRIMSLSANNLSGTLPPNIGSTLPNIEELYLHGLTNLVGTIPHSISNCSKLNNLELSQNKLTGLIPNSLGYLTHLHYLNLQRNNLTSDSFLSFLTSLTNCRNLTSLYLSFNPLNAMLPVSVGNFSKSLIKFDANACNIKGKIPNEVGNLSNLLDLDLSDNNLIGSIPTSIHNMRSLQRLDLRNNKLTGFIGDNLCKLQHLGDIYLGQNQLSGALPNCLGNITSLRFLHLDSNKLSSNIPTSLGNLKDLIKLHLSSNNMVGSLPPEIGGLQNLVHLSLRHNKLQGSIPDSVSNMVGLEFLDISHNDISGSIPMSMEKLQNLKYFNVSVNKLYGEIPSGGPFKNLSSQFFIDNEALCGSSRFSVPPCATSSKHRSNRKKMLVLFLVLGIALVFVPITFVFLWIRYRRGKRSPQRADSLSIATTERISYYELLQATDTLGESNLIGSGSFGSVYKGVLRSGTAIAVKVFNLQLEAAFKSFDTECEVLRSLRHRNLVKVITSCSNLDFKALVLEYMPNGSLDKYLYSHNYFLDIRQRLSIMIDVACALEYLHHGCSSPVIHCDLKPSNVLLDEDMVAHLSDFGISKLLGEDESDLYTKTLATFGYIAPEYGLDGLVSIKCDVYSYGIMLLETFTRRKPTEFEGDLSLKQWVSYSLPEAVMDVMDANLVTPMDNRLQKELDIVASIMKVALDCCAESPTRRTNMKDVVGMLQKIKIQLLAC,SNLIGSGSFGSVYKGVLRSGTAIAVKVFNLQLEAAFKSFDTECEVLRSLRHRNLVKVITSCSNLDFKALVLEYMPNGSLDKYLYSHNYFLDIRQRLSIMIDVACALEYLHHGCSSPVIHCDLKPSNVLLDEDMVAHLSDFGISKLLGEDESDLYTKTLATFGYIAPEYGLDGLVSIKCDVYSYGIMLLETFTRRKPTEFEGDLSLKQWVSYSLPEAVMDVMDANLVTPMDNRLQKELDIVASIMKVALDCCAESPTRRTNMKDVV,OQ999447
GIG362-6,GIG 362-6,S. microdontum gigantophyllum,MEKAFTFFLLTILLLLHYVMTQTNITTDQLALLSLKSQISSDPFHYLNESWSPAINVCRWVGVTCGSRHQRVKSLNLSDMTLTGTIPRDLGNLTFLISLDLGSNNFHGNLPQEIARLSRLKFLDLSFNKFRGEIPSWFGFLERLQVLNLRSNSFTGFIPPSLSNASRLETLEISANLLEGNIPEEIGNLHNLNLLSIQHNKLTGSIPFTIFNISSIEVIAFTNNSLSGNLPNGLCNGLPILKELRLSVNKLHGHMPKSLSNCSQLQKLSLSGNDFDGPIHSEIGRLSNLQILYLGANHFTGIIPQEIGNLVNLMKLAVEINQITSSIPISIFNISSLQEVSLWKNNLKGSLPREIGNLTKMQFLYLEENRFTGTYTFNLSDSNLNSLRDKLILSSGEIPKEIRNLVELEELNLELNSFSGSLPMEIFNISRLRIMSLSANNLSGTLPPNIGSTLPNIEELYLHGLTNLVGTIPHSISNCSKLNNLELSQNKLTGLIPNSLGYLTHLHYLNLQRNNLTSDSFLSFLTSLTNCRNLTSLYLSFNPLNAMLPVSVGNFSKSLIKFDANACNIKGKIPNEVGNLSNLLDLDLSDNNLIGSIPTSIHNMRSLQRLDLRNNKLTGFIGDNLCKLQHLGDIYLGQNQLSGALPNCLGNITSLRFLHLDSNKLSSNIPTSLGNLKDLIKLHLSSNNMVGSLPPEIGGLQNLVHLSLRHNKLQGSIPDSVSNMVGLEFLDISHNDISGSIPMSMEKLQNLKYFNVSVNKLYGEIPSGGPFKNLSSQFFIDNEALCGSSRFSVPPCATSSKHRSNRKKMLVLFLVLGIALVFVPITFVFLWIRYRRGKRSPQRADSLSIATTERISYYELLQATDTLGESNLIGSGSFGSVYKGILRSGTAIAVKVFNLQLEAAFKSFDTECEVLRSLRHRNLVKVITSCSNLDFKALVLEYMPNGSLDKYLYSHNYFLDIRQRLSIMIDVACALEYLHHGCSSPVIHCDLKPSNVLLDEDMVAHLSDFGISKLLGEDESDLYTKTLATFGYIAPGTSLCFC,SNLIGSGSFGSVYKGILRSGTAIAVKVFNLQLEAAFKSFDTECEVLRSLRHRNLVKVITSCSNLDFKALVLEYMPNGSLDKYLYSHNYFLDIRQRLSIMIDVACALEYLHHGCSSPVIHCDLKPSNVLLDEDMVAHLSDFGISKLLGEDESDLYTKTLATFGYIAPGTSLCFC,OQ999448
HDM646_4,HDM646-4,S. hondelmannii,MEKTFTFFLLTILLLLHYVMTQTNITTDQLALLSLKSQISSDPFHYLDESWSPTIYVCHWVGVTCDYRHQRVKSLNLSDMALTGRIPRDFGNLTFLVSLDLGSNNFHGNLPQEMVRLRRLKFLELSFNKFRGEIPSWFGFLKQLQVLNLQNNSFTGFIPPSLSNASRLETLQISANLLEGNIPEEIGNLHNLKLLYIRHNKLTGSIPFTIFNISSIQVIAFTNNRLSGNLPNGLCNGLPILKELLLSVNKLDGHMPKSLSNCSQLQKLSLSGNDFDGPIHSEIGRLSNLQILYLGANHFTGIIPQEIGNLVNLMELAVEINQITSSIPISIFNISSLQFVSLWRNNLKGSLPREIGNLTKMQFLYLEENRFTGEIPKEIRNLVELEELTLHFNSFSGSLPMEIFNISRLRIIALSNNNLSGTLPPNIGSTLPNIEELYLHGLTNLVGTIPHSISNCSKLNNLELSQNKLTGMIPNSLGHLTHLHYLNLRRNNLTSDSFLSFLTSLTNCRNLTSLYLSFNPLNAMLPVSVGNFSISLIKFDANACNIKGKIPNEVGNLSNLLVLQLSDNNLIGSIPTSILNLRSLQRLDLNNNKLTGFIGDNLCKLQNLGDIYLGQNQLSGSLPNCLGNVTSLRLIYLDSNKLSSNIPTSLGNLKDLIELDLSSNNMVGSLPPEIGGLQNLVHLSLRHNKLQGSIPDSVSNMVGLEFLDISHNNISGTIPMSMEKLQNLKYFNVSVNKLYGEIPSGGPFKNLSSQFFINNEALCGSSRFSVPPCATSSKHRSNRKKMLVLFLVLGIALVFVPIAFLFIWIRYRRGKRSPQRADSLSIATTERISYYELLQATDTLSESNLIGSGSFGSVYKGILKSGTAIAVKVFNLQLEAAFKSFDTECEVLRSLRHRNLVKVITSCSNLDFKALVLEYMPNGSLDKYLYSHNYFLDIRQRLSIMIDVACALEYLHHGCSSPVIHCDLKPSNVLLDEDMVAHLSDFGISKLLGEDESDLYTKTLATFGYIAPEYGLDGLVSIKCDVYSYGIMLLETFTRRKPTEFEGDLSLKQWVSYSFPEAVMDVMDANLVTPMDNRLQKELDIVASIMKVALDCCAESPTRRTNMKDVVGMLQKIKIQLLAC,SNLIGSGSFGSVYKGILKSGTAIAVKVFNLQLEAAFKSFDTECEVLRSLRHRNLVKVITSCSNLDFKALVLEYMPNGSLDKYLYSHNYFLDIRQRLSIMIDVACALEYLHHGCSSPVIHCDLKPSNVLLDEDMVAHLSDFGISKLLGEDESDLYTKTLATFGYIAPEYGLDGLVSIKCDVYSYGIMLLETFTRRKPTEFEGDLSLKQWVSYSFPEAVMDVMDANLVTPMDNRLQKELDIVASIMKVALDCCAESPTRRTNMKDVV,OQ999449
LPH680-5,LPH680-5,S. leptophyes,MEKAFTFFLLTILLLLHYVMTQTNITTDQLALLSLKSQISSDPFHFLNESWSPTISVCHWVGITCGSRHQQVKSLNLSSMTLTGTIPRDLGNLTFLISLDLGSNNFHGNLPQEIAHLHRLKFLDLSFNNLRGEIPSWFGFLKQLQVLNLRSNSFTGFIPPSLSNASRLETLQISANLLEGNIPEEIGNLHNLNLLSIQHNKLTGSIPFTIFNISRIEFIAFTNNSLSGNLPNGLCNGLPILKGLYLSRNKLHGHMPTSLSNCSQLQILSLSGNEFDGPIHSEIGRLSNLQFLYLGSNHFTGIIPQEIGNLVNLMELAVEINQITSSIPISIFNISSLQDVSLWRNNLKGSLPREIGNLTKMQFLYLEENRFTGTYTFNLSDTNYLNSLRDKLILSSGEIPKEIRNLVELEELTLQENSFSGSLPMEIFNISRLRIIALSNNNLSGTLPPNIGSTLPNIEELYLHGLTNLVGTIPHSISNCSKLNNLELSQNKLTGMIPNSLGYLTHLHYLNLERNNLTSDSFLSFLTSLTNCRNLASLYLSFNPLNAMLPVSVGNFSISLIKFDANACNIKGKIPNEVGNLSNLLVLDLSDNNLIGSIPTSIHNLRSLQRLDLNNNKLTGFIGDNLCKLQHLGDIYLGQNQLSGSLPNCLGNVTSLRLIYLDSNKLSSNIPTSLGNLKDLIKLHLSSNNMVGSLPPEIGGLQNLVHLSLRHNKLQGSIPDSVSNMVGLEFLDISHNNISGTIPMSMEKLQNLKYFNVSVNKLYGEIPSGGPFKNLSSQFFIENEALCGSSRFSVPPCATSSKHRSNRKKMLVLFLVLGIALVFVPIAFLFIWIRYRRGKRSPQRADSLSIATTERISYYELLQATDTFGESNLIGSGSFGSVYKGILRSGTAIAVKVFNLQLEAAFKSFDTECEVLRSLRHRNLVKVITSCSNLDFKALVLEYMPNGSLDKYLYSHNYFLDIRQRLSIMIDVACALEYLHHGCSSPVIHCDLKPSNVLLDEDMVAHLSDFGISKLLGEDESDLYTKTLATFGYIAPEYGLDGLVSIKCDVYSYGIMLLETFTRRKPTEFEGDLSLKQWVSYSFPEAVMDVMDANLVTPMDNRLQKELDIVASIMKVALDCCAESPTRRTNMKDVVGMLQKIKIQLLAC,SNLIGSGSFGSVYKGILRSGTAIAVKVFNLQLEAAFKSFDTECEVLRSLRHRNLVKVITSCSNLDFKALVLEYMPNGSLDKYLYSHNYFLDIRQRLSIMIDVACALEYLHHGCSSPVIHCDLKPSNVLLDEDMVAHLSDFGISKLLGEDESDLYTKTLATFGYIAPEYGLDGLVSIKCDVYSYGIMLLETFTRRKPTEFEGDLSLKQWVSYSFPEAVMDVMDANLVTPMDNRLQKELDIVASIMKVALDCCAESPTRRTNMKDVV,OQ999450
MCD958-3,MCD958-3,S. microdontum,MEKAFTFFLLTILLLLHYVMTQTNITTDQLALLSLKSQISSDPFHFLNESWSPAISVCHWVGITCGSRHQQVKSLNLSSMTLTGTIPRDLGNLTFLISLDLGSNNFHGNLPQEIAHLHRLKFLDLSFNNLRGEIPSWFGFLKQLQVLNLRSNSFTGFIPPSLSNASRLETLQISANLLEGNIPEEIGNLHNLNLLSIQHNKLTGSIPFTIFNISRIEFIAFTNNSLSGNLPNGLCNGLPIIKGLYLSRNKLHGHMPTSLSNCSQLQILSLSGNEFDGPIHSEIGRLSNLQFLYLGSNHFTGIIPQEIGNLVNLMELAVEINQITSSIPISIFNISSLQDVSLWRNNLKGSLPREIGNLTKMQFLYLEENRFTGEIPKEIRNLVELEELTLQENSFSGSLPMEIFNISRLRIIALSNNNLSGTLPPNIGSTLPNIEELYLHGLTNLVGTIPHSISNCSKLNNLELSQNKLTGMIPNSLGYLTHLHYLNLQRNNLTSDSFLSFLTSLTNCRNLASLYLSFNPLNAMLPVSVGNFSISLIKFDANACNIKGKIPNEVGNLSNLLVLDLSDNNLIGSIPTSIHNLRSLQRLDLNNNKLTGFIGDNLCKLQHLGDIYLGQNQLSGSLPNCLGNVTSLRLIYLDSNKLSSNIPTSLGNLKDLIKLHLSSNNMVGSLPPEIGELQNLVHLSLRHNKLQGSIPDSVSNMVGLEFLDISHNNISGTIPMSMEKLQNLKYFNVSVNKLYGEIPSGGPFKNLSSQFFIENEALCGSSRFSVPPCATSSKHRSNRKKMLVLFLVLGIALVFVPIAFLFIWIRYRRGKRSPQRADSLSIATTERISYYELLQATDTFGESNLIGSGSFGSVYKGVLRSGTAIAVKVFNLQLEAAFKSFDTECEVLRSLRHRNLVKVITSCSNLDFKALVLEYMPNGSLDKYLYSHNYFLDIRQRLSIMIDVACALEYLHHGCSSPVIHCDLKPSNVLLDEDMVAHLSDFGISKLLGEDESDLYTKTLATFGYIAPEYGLDGLVSIKCDVYSYGIMLLETFTRRKPTEFEGDLSLKQWVSYSFPEAVMDVMDANLVTPMDNRLQKELDIVASIMKVALDCCAESPTRRTNMKDVVGMLQKIKIQLLAC,SNLIGSGSFGSVYKGVLRSGTAIAVKVFNLQLEAAFKSFDTECEVLRSLRHRNLVKVITSCSNLDFKALVLEYMPNGSLDKYLYSHNYFLDIRQRLSIMIDVACALEYLHHGCSSPVIHCDLKPSNVLLDEDMVAHLSDFGISKLLGEDESDLYTKTLATFGYIAPEYGLDGLVSIKCDVYSYGIMLLETFTRRKPTEFEGDLSLKQWVSYSFPEAVMDVMDANLVTPMDNRLQKELDIVASIMKVALDCCAESPTRRTNMKDVV,OQ999451
PHU200-4,PHU 200-4,S. tuberosum Phureja Group,MEKAFTFFLLTILLLLHYVMTQTNITTDQLALLSLKSQISSDPFHYLNESWSPAINVCRWVGVTCGSRHQRVKSLNLSDMTLTGTIPRDLGNLTFLISLDLGSNNFHGNLPQEIARLSRLKFLDLSFNKFRGEIPSWFGFLERLQVLNLRSNSFTGFIPPSLSNASRLETLEISANLLEGNIPEEIGNLHNLNLLSIQHNKLTGSIPFTIFNISSIEVIAFTNNSLSGNLPNGLCNGLPILKELRLSVNKLHGHMPKSLSNCSQLQKLSLSGNDFDGPIHSEIGRLSNLQILYLGANHFTGIIPQEIGNLVNLMKLGVEINQITSSIPISIFNISSLQEVSLWKNNLKGSLPREIGNLTKMQFLYLEENRFTGEIPKEIRNLVXLEELNLELNSFSGSLPMEIFNISRLRIMSLSANNLSGTLPPNIGSTLPNIEELYLHGLTNLVGTIPHSISNCSKLNNLELSQNKLTGLIPNSLGYLTHLHYLNLQRNNLTSDSFLSFLTSLTNCRNLTSLYLSFNPLNAMLPVSVGNFSKSLIKFDANACNIKGKIPNEVGNLSNLLDLDLSDNNLIGSIPTSIHNMRSLQRLDLRNNKLTGFIGDNLCKLQHLGDIYLGQNQLSGALPNCLGNITSLRFLHLDSNKLSSNIPTSLGNLKDLIKLHLSSNNMVGSLPPEIGGLQNLVHLSLRHNKLQGSIPDSVSNMVGLEFLDISHNDISGSIPMSMEKLQNLKYFNVSVNKLYGEIPSGGPFKNLSSQFFIDNEALCGSSRFSVPPCATSSKHRSNRKKMLVLFLVLGIALVFVPITFVFLWIRYRRGKRSPQRADSLSIATTERISYYELLQATDTLGESNLIGSGSFGSVYKGVLRSGTAIAVKVFNLQLEAAFKSFDTECEVLRSLRHRNLVKVITSCSNLDFKALVLEYMPNGSLDKYLYSHNYFLDIRQRLSIMIDVACALEYLHHGCSSPVIHCDLKPSNVLLDEDMVAHLSDFGISKLLGEDESDLYTKTLATFGYIAPEYGLDGLVSIKCDVYSYGIMLLETFTRRKPTEFEGDLSLKQWVSYSLPEAVMDVMDANLVTPMDNRLQKELDIVASIMKVALDCCAESPTRRTNMKDVVGMLQKIKIQLLVC,SNLIGSGSFGSVYKGVLRSGTAIAVKVFNLQLEAAFKSFDTECEVLRSLRHRNLVKVITSCSNLDFKALVLEYMPNGSLDKYLYSHNYFLDIRQRLSIMIDVACALEYLHHGCSSPVIHCDLKPSNVLLDEDMVAHLSDFGISKLLGEDESDLYTKTLATFGYIAPEYGLDGLVSIKCDVYSYGIMLLETFTRRKPTEFEGDLSLKQWVSYSLPEAVMDVMDANLVTPMDNRLQKELDIVASIMKVALDCCAESPTRRTNMKDVV,OQ999452
PHU201-3,PHU 201-3,S. tuberosum Phureja Group,MEKAFTFFLLTILLLLHYVMTQTNITTDQLALLSLKSQISSDPFHYLNESWSPAINVCRWVGVTCGSRHQRVKSLNLSDMTLTGIIPRDLGNLTFLISLDLGSNNFHGNLPQEIARLSRLKFLDLSFNKFRGEIPSWFGFLERLQVLNLRSNSFTGFIPPSLSNASRLETLEISANLLEGNIPEEIGNLHNLNLLSIQHNKLTGSIPFTIFNISSIEVIAFTNNSLSGNLPNGLCNGLPILKELRLSVNKLHGHMPKSLSNCSQLQKLSLSGNDFDGPIHSEIGRLSNLQILYLGANHFTGIIPQEIGNLVNLMKLGVEINQITSSIPISIFNISSLQEVSLWKNNLKGSLPREIGNLTKMQFLYLEENRFTGTYTFNLSDSNLNSLRDKLILSSGEIPKEIRNLVELEELNLELNSFSGSLPMEIFNISRLRIMSLSANNLSGTLPPNIGSTLPNIEELYLHGLTNLVGTIPHSISNCSKLNNLELSQNKLTGLIPNSLGYLTHLHYLNLQRNNLTSDSFLSFLTSLTNCRNLTSLYLSFNPLNAMLPVSVGNFSKSLIKFDANACNIKGKIPNEVGNLSNLLDLDLSDNNLIGSIPTSIHNMRSLQRLDLRNNKLTGFIGDNLCKLQHLGDIYLGQNQLSGALPNCLGNITSLRFLHLDSNKLSSNIPTSLGNLKDLIKLHLSSNNMVGSLPPEIGGLQNLVHLSLRHNKLQGSIPDSVSNMVGLEFLDISHNDISGSIPMSMEKLQNLKYFNVSVNKLYGEIPSGGPFKNLSSQFFIDNEALCGSSRFSVPPCATSSKHRSNRKKMLVLFFVLGIALVFVPITFVFLWIRYRRGKRSPQRADSLSIATTERISYYELLQATDTLGESNLIGSGSFGSVYKGVLRSGTAIAVKVFNLQLEAAFKSFDTECEVLRSLRHRNLVKVITSCSNLDFKALVLEYMPNGSLDKYLYSHNYFLDIRQRLSIMIDVACALEYLHHGCSSPVIHCDLKPSNVLLDEDMVAHLSDFGISKLLGEDESDLYTKTLATFGYIAPEYGLDGLVSIKCDVYSYGIMLLETFTRRKPTEFEGDLSLKQWVSYSLPEAVMDVMDANLVTPMDNRLQKELDIVASIMKVALDCCAESPTRRTNMKDVVGMLQKIKIQLLAC,SNLIGSGSFGSVYKGVLRSGTAIAVKVFNLQLEAAFKSFDTECEVLRSLRHRNLVKVITSCSNLDFKALVLEYMPNGSLDKYLYSHNYFLDIRQRLSIMIDVACALEYLHHGCSSPVIHCDLKPSNVLLDEDMVAHLSDFGISKLLGEDESDLYTKTLATFGYIAPEYGLDGLVSIKCDVYSYGIMLLETFTRRKPTEFEGDLSLKQWVSYSLPEAVMDVMDANLVTPMDNRLQKELDIVASIMKVALDCCAESPTRRTNMKDVV,OQ999453
PHU371-7,PHU  371-7,S. tuberosum Phureja Group,MEKAFTFFLLTILLLLHYVMTQTNITTDQLALLSLKSQISSDPFHYLNESWSPAINVCRWVGVTCGSRHQRVKSLNLSDMTLTGTIPRDLGNLTFLISLDLGSNNFHGNLPQEIARLSRLKFLDLSFNKFRGEIPSWFGFLERLQVLNLRSNSFTGFIPPSLSNASRLETLEISANLLEGNIPEEIGNLHNLNLLSIQHNKLTGSIPFTIFNISSIEVIAFTNNSLSGNLPNGLCNGLPILKELRLSVNKLHGHMPKSLSNCSQLQKLSLSGNDFDGPIHSEIGRLSNLQILYLGANHFTGIIPQEIGNLVNLMKLGVEINQITSSIPISIFNISSLQEVSLWKNNLKGSLPREIGNLTKMQFLYLEENRFTGEIPKEIRNLVELEELNLELNSFSGSLPMEIFNISRLRIMSLSANNLSGTLPPNIGSTLPNIEELYLHGLTNLVGTIPHSISNCSKLNNLELSQNKLTGLIPNSLGYLTHLHYLNLQRNNLTSDSFLSFLTSLTNCRNLTSLYLSFNPLNAMLPVSVGNFSKSLIKFDANACNIKGKIPNEVGNLSNLLDLDLSDNNLIGSIPTSIHNMRSLQRLDLRNNKLTGFIGDNLCKLQHLGDIYLGQNQLSGAPPNCLGNITSLRFLHLDSNKLSSNIPTSLGNLKDLIKLHLSSNNMVGSLPPEIGGLQNLVHLSLRHNKLQGSIPDSVSNMVGLEFLDISHNDISGSIPMSMEKLQNLKYFNVSVNKLYGEIPSGGPFKNLSSQFFIDNEALCGSSRFSVPPCATSSKHRSNRKKMLVLFLVLGIALVFVPITFVFLWIRYRRGKRSPQRADSLSIATTERISYYELLQATDTLGESNLIGSGSFGSVYKGVLRSGTAIAVKVFNLQLEAAFKSFDTECEVLRSLRHRNLVKVITSCSNLDFKALVLEYMPNGSLDKYLYSHNYFLDIRQRLSIMIDVACALEYLHHGCSSPVIHCDLKPSNVLLDEDMVAHLSDFGISKLLGEDESDLYTKTLATFGYIAPEYGLDGLVSIKCDVYSYGIMLLETFTRRKPTEFEGDLSLKQWVSYSLPEAVMDVMDANLVTPMDNRLQKELDIVASIMKVALDCCAESPTRRTNMKDVVGMLQKIKIQLLAC,SNLIGSGSFGSVYKGVLRSGTAIAVKVFNLQLEAAFKSFDTECEVLRSLRHRNLVKVITSCSNLDFKALVLEYMPNGSLDKYLYSHNYFLDIRQRLSIMIDVACALEYLHHGCSSPVIHCDLKPSNVLLDEDMVAHLSDFGISKLLGEDESDLYTKTLATFGYIAPEYGLDGLVSIKCDVYSYGIMLLETFTRRKPTEFEGDLSLKQWVSYSLPEAVMDVMDANLVTPMDNRLQKELDIVASIMKVALDCCAESPTRRTNMKDVV,OQ999454
PHU372-8,PHU 372-8,S. tuberosum Phureja Group,MEKAFTFFLLTILLLLHYVMTQTNITTDQLALLSLKSQISSDPFHYLNESWSPAINVCRWVGVTCGSRHQRVKSLNLSDMTLTGTIPRDLGNLTFLISLDLGSNNFHGNLPQEIARLSRLKFLDLSFNKFRGEIPSWFGFLERLQVLNLRSNSFTGFIPPSLSNASRLETLEISANLLEGNIPEEIGNLHNLNLLSIQHNKLTGSIPFTIFNISSIEVIAFTNNSLSGNLPNGLCNGLPILKELRLSVNKLHGHMPKSLSNCSQLQKLSLSGNDFDGPIHSEIGRLSNLQILYLGANHFTGIIPQEIGNLVNLMKLGVEINQITSSIPISIFNISSLQEVSLWKNNLKGSLPREIGNLTKMQFLYLEENRFTGEIPKEIRNLVELEELNLELNSFSGSLPMEIFNISRLRIMSLSANNLSGTLPPNIGSTLPNIEELYLHGLTNLVGTIPHSISNCSKLNNLELSQNKLTGLIPNSLGYLTHLHYLNLQRNNLTSDSFLSFLTSLTNCRNLTSLYLSFNPLNAMLPVSVGNFSKSLIKFDANACNIKGKIPNEVGNLSNLLDLDLSDNNLIGSIPTSIHNMRSLQRLDLRNNKLTGFIGDNLCKLQHLGDIYLGQNQLSGALPNCLGNITSLRFLHLDSNKLSSNIPTSLGNLKDLIKLHLSSNNMVGSLPPEIGGLQNLVHLSLRHNKLQGSIPDSVSNMVGLEFLDISHNDISGSIPMSMEKLQNLKYFNVSVNKLYGEIPSGGPFKNLSSQFFIDNEALCGSSRFSVPPCATSSKHRSNRKKMLVLFLVLGIALVFVPITFVFLWIRYRRGKRSPQRADSLSIATTERISYYELLQATDTLGESNLIGSGSFGSVYKGVLRSGTAIAVKVFNLQLEAAFKSFDTECEVLRSLRHRNLVKVITSCSNLDFKALVLEYMPNGSLDKYLYSHNYFLDIRQRLSIMIDVACALEYLHHGCSSPVIHCDLKPSNVLLDEDMVAHLSDFGISKLLGEDESDLYTKTLATFGYIAPEYGLDGLVSIKCDVYSYGIMLLETFTRRKPTEFEGDLSLKQWVSYSLPEAVMDVMDANLVTPMDNRLQKELDIVASIMKVALDCCAESPTRRTNMKDVVGMLQKIKIQLLAC,SNLIGSGSFGSVYKGVLRSGTAIAVKVFNLQLEAAFKSFDTECEVLRSLRHRNLVKVITSCSNLDFKALVLEYMPNGSLDKYLYSHNYFLDIRQRLSIMIDVACALEYLHHGCSSPVIHCDLKPSNVLLDEDMVAHLSDFGISKLLGEDESDLYTKTLATFGYIAPEYGLDGLVSIKCDVYSYGIMLLETFTRRKPTEFEGDLSLKQWVSYSLPEAVMDVMDANLVTPMDNRLQKELDIVASIMKVALDCCAESPTRRTNMKDVV,OQ999455
RAP18089-1,RAP18089-1,S. raphanifolium,MENAFTVFLLTILLLLHYVMTQTNITTDQLALLSLKSQISSDPFHYLNESWSPAINVCRWVGVTCGSRHQRVKSLNLSDMTLTGTIPRDLGNLTFLISLDLGSNNFHGNLPQEIARLSRLKFLDLSFNKFRGEIPSWFGFLERLQVLNLRSNSFTGFIPPSLSNASRLETLEISANLLEGNIPEEIGNLHNLNWLSIKHNQLTGSIPFTIFNISSIEVIAFTNNSLSGNLPNGLCNGLPILKELLLSVNKLHGHMPKSLSNCSQLQKLSLSGNDFDGPIHSEIGRLRNLQILYLGANHFTGIIPQEIGNLVNLMKLGVEINQITSSIPISIFNISSLQEVSLWKNNLKGSLPREIGNLTKMQFLYLEENRFTGEIPKEIRNLVELEELNLELNSFSGSLPMEIFNISRLRIMSLSANNLSGTLPPNIGSTLPNIEELYLHGLTNLVGTIPHSISNCSKLNNLELSQNKLTGLIPNSLGYLTHLHYLNLQRNNLTSDSFLSFLTSLTNCRNLTSLYLSFNPLNAMLPVSVGNFSISLIKFDANACNIKGKIPNEVGNLSNLLDLDLSDNNLIGSIPTSIHNLRSLQRLDLSNNKLTGFIGDNLCKLQHLGDIYLGQNQLSGALPNCLGNITSLRFLHLDSNKLSSNIPTSLGNLKDLIKLHLSSNNMVGSLPPEIGGLQNLVHLSLRHNKLQGSIPDSVSNMVGLEFLDISHNNISGSIPMSMEKLQNLKYFNVSVNKLYGEIPSGGPFKNLSSQFFIDNEALCGSSRFSVPPCATSSKHRSNRKRMLVLFLVLGIALVFVPITFVFLWIRYRRGKRSPQRADSLSIATTERISYYELLQATDTLGESNLIGSGSFGSVYKGVLRSGTAIAVKVFNLQLEAAFKSFDTECEVLRSLRHRNLVKVITSCSNLDFKALVLEYMPNGSLDKYLYSHNYFLDIRQRLSIMIDVACALEYLHHGCSSPVIHCDLKPSNVLLDEDMVAHLSDFGISKLLGEDESDLYTKTLATFGYIAPEYGLDGLVSIKCDVYSYGIMLLETFTRRKPTEFEGDLSLKQWVSYSLPEAVMDVMDANLVTPMDNCLQKELDIVASIMKVALDCCAESPTRRTNMKDVVGMLQKINIQLLAC,SNLIGSGSFGSVYKGVLRSGTAIAVKVFNLQLEAAFKSFDTECEVLRSLRHRNLVKVITSCSNLDFKALVLEYMPNGSLDKYLYSHNYFLDIRQRLSIMIDVACALEYLHHGCSSPVIHCDLKPSNVLLDEDMVAHLSDFGISKLLGEDESDLYTKTLATFGYIAPEYGLDGLVSIKCDVYSYGIMLLETFTRRKPTEFEGDLSLKQWVSYSLPEAVMDVMDANLVTPMDNCLQKELDIVASIMKVALDCCAESPTRRTNMKDVV,OQ999456
SPEC165-2,SPEC165-2,Solanum spp.,MEKAFTFFLLTILLLLHYVMTQTNITTDQLALLSLKSQISSDPFHFLNESWSPAISVCHWVGITCGSRHQQVKSLNLSSMTLTGTIPRDLGNLTFLISLDLGSNNFHGNLPQEIAHLHRLKFLDLSFNNLRGEIPSWFGFLKQLQVLNLRSNSFTGFIPPSLSNASRLETLQISANLLEGNIPEEIGNLHNLNLLSIQHNKLTGSIPFTIFNISRIEFIAFTNNSLSGNLPNGLCNGLPIIKGLYLSRNKLHGHMPTSLSNCSQLQILSLSGNEFDGPIHSEIGRLSNLQFLYLGSNHFTGIIPQEIGNLVNLMELAVEINQITSSIPISIFNISSLQDVSLWRNNLKGSLPREIGNLTKMQFLYLEENRFTGEIPKEIRNLVELEELTLQENSFSGSLPMEIFNISRLRIIALSNNNLSGTLPPNIGSTLPNIEELYLHGLTNLVGTIPHSISNCSKLNNLELSQNKLTGMIPNSLGYLTHLHYLNLQRNNLTSDSFLSFLTSLTNCRNLASLYLSFNPLNAMLPVSVGNFSISLIKFDANACNIKGKIPNEVGNLSNLLVLDLSDNNLIGSIPTSIHNLRSLQRLDLNNNKLTGFIGDNLCKLQHLGDIYLGQNQLSGSLPNCLGNVTSLRLIYLDSNKLSSNIPTSLGNLKDLIKLHLSSNNMVGSLPPEIGELQNLVHLSLRHNKLQGSIPDSVSNMVGLEFLDISHNNISGTIPMSMEKLQNLKYFNVSVNKLYGEIPSGGPFKNLSSQFFIENEALCGSSRFSVPPCATSSKHRSNRKKMLVLFLVLGIALVFVPIAFLFIWIRYRRGKRSPQRADSLSIATTERISYYELLQATDTFGESNLIGSGSFGSVYKGVLRSGTAIAVKVFNLQLEAAFKSFDTECEVLRSLRHRNLVKVITSCSNLDFKALVLEYMPNGSLDKYLYSHNYFLDIRQRLSIMIDVACALEYLHHGCSSPVIHCDLKPSNVLLDEDMVAHLSDFGISKLLGEDESDLYTKTLATFGYIAPEYGLDGLVSIKCDVYSYGIMLLETFTRRKPTEFEGDLSLKQWVSYSFPEAVMDVMDANLVTPMDNRLQKELDIVASIMKVALDCCAESPTRRTNMKDVVGMLQKIKIQLLAC,SNLIGSGSFGSVYKGVLRSGTAIAVKVFNLQLEAAFKSFDTECEVLRSLRHRNLVKVITSCSNLDFKALVLEYMPNGSLDKYLYSHNYFLDIRQRLSIMIDVACALEYLHHGCSSPVIHCDLKPSNVLLDEDMVAHLSDFGISKLLGEDESDLYTKTLATFGYIAPEYGLDGLVSIKCDVYSYGIMLLETFTRRKPTEFEGDLSLKQWVSYSFPEAVMDVMDANLVTPMDNRLQKELDIVASIMKVALDCCAESPTRRTNMKDVV,OQ999457
CGN17738-3_NR,CGN17738-3,S. pampasense,MEKAFTFFLLTILLLLHYVMTQTNITTDQLALLSLKSQISSDPFHYLDESWSPTIYVCHWVGVSCDYRHERVKSLNLSDMALTGRIPHDFGNLTFLVSLDLGRNNFHGNLPQEMVRLRRLKFLKLSFNKFRGEIPSWFGFLKQLQVLYLGNNSFSGFISPSLFNASRLETLQISANLLEGNIPEEIGNLHNLKLLSIQHNQLTGSIPFTIFNISRIEFIAFTDNRLSGDLPKDLCNDLPKLKGLYLSTNRFDGHMPTSLSNCSQLQMLSLSGNEFDGPIQSEIGRLSNLQFLYLGSNHFTGIIPQEIGNLVNLVELDVVGNQITGSIPISIFNISSLQFVSLGTNDLKESLPREIGNLTKMQFLYLDENRFTGEIPKEIRNLIELEELNLGLNSFSGSVPMEIFNISRLRKMALAFNNLSGTLPSKIGSTLPNIEQLYLNNLTNLFGTIPHSISNCSKLTILELSQNKLTGLIPNSLGYLTHLNFLNVERNNLTSDSFLSFLTSLTNCRNLRFLSLSFNPLNGMLPVSVGNFSKSLVKFYAIACNIKGKIPNEVGNLSSLLDLDLSQNNLIGSIPISIHNLKNLQRMSFAYNKLTGFIGDHICKLQHLGAIYLGQNQLSGSLPNCLGNITSLREIHMDSNKLSSNIPTGLGNLKDLIQLDLSSNNMVGSLPPEIGNLKAVTYMDLSMNQFTNDIPREIGGLQNLVDLSLQHNKLQGSIPDSMSNMIGLEYLDISHNNISGTIPMSLEKLQNLKYFNVSVNKLHGEIPSEGPFKNLSSQFFINNEALCGWSRFNVPPCPTSSTHRSNRKKLLVLFLLLGIALLCVPITLVFVWIRYRRGKRSPQRADSLSITTTERISFYELLQATDSLSESNLIGSGSFGSVYKGVLRSGTAIAVKVFNLQLEAAFKSFDTECEVLCSLRHRNLVKVITSCSNLDFKALVLEYMPNGSLDKYLYSHNYFLDIRQRLSIMIDVACALEYLHDGCSSPVIHCDLKPSNVLLDEVMVAHLSDFGISKLLGEDETDLYTKTLATFGYIAPEYGLDGLVSIKCDVYSYGIMLLETFTRRKPSDFEGDLSLKQWVSYSLPKAVLDVMDANLVTPMDNRLQKELDIVASIMKVALDCCAESPTRRTNMKDVVGMLQKIKIQLLAC,SNLIGSGSFGSVYKGVLRSGTAIAVKVFNLQLEAAFKSFDTECEVLCSLRHRNLVKVITSCSNLDFKALVLEYMPNGSLDKYLYSHNYFLDIRQRLSIMIDVACALEYLHDGCSSPVIHCDLKPSNVLLDEVMVAHLSDFGISKLLGEDETDLYTKTLATFGYIAPEYGLDGLVSIKCDVYSYGIMLLETFTRRKPSDFEGDLSLKQWVSYSLPKAVLDVMDANLVTPMDNRLQKELDIVASIMKVALDCCAESPTRRTNMKDVV,OQ999458
CGN18126-2_NR_1,CGN18126-2,S. leptophyes,MEKAFTFFLLTILLLLHYVMTQTNITTDQLALLSLKSQISSDPFHFLNESWSPAINVCRWVGVTCGSRHQRVKSLNLSDMTLTGTIPQDLGNLTFLISLDLESNNFHGNLPQEIAHLYRLKFLDLSFNNLRGEIPSWFGFLKQLQVLNLRSNSFTGFIPPSLSNASRLETLQISANLLEGNIPEEIGNLHNLKYLSIQHNKLTGSIPFTIFNISSIQVIAFSNNSLSGNLPNGLCNGLPILKELYLSRNKLHGHMPTSLSNCSQLQMLSLSRNEFDGPIHSEIGRLSNLQFLYLGSNHFTGIIPQDIGYLVNLVDLSVVGNQITGSIPISIFNISSLHLLSLRRNNLKGSLPREIGNITKMQNLYLHDNRFTGEIPKEIRNLVELEVLGLEWNSFSGSLPMEIFNLSRLRIIALSANNLSGTLPPNIGSTLPNIEELYLHGLTNLVGTIPHSISNCSKLTRLELSHNKLTGLIPNSLGYLTHLNFLNLWGNNLTSDSFLSFLTSLNNCRNLAYLNLSLNPLNAMLPVSVGNFSKSLVKFYAAACKINGQIPNEVGNLSSLLDLALSNNNLIGSIPTSIHNLRNLQHFNLSNNYLTGFIADNICKLQYLGEIYLAQNQLSGSLPNCLGNVTSLREIYLASNKLSSNIPTSLGNLKDLMELDLSSNNMVSSLPPEIGNLKAVIQMDLSMNQFSNGIPREIGGLQNLVHLSLRHNKLQGSIPDSVSNMIGLEFLDLSHNNISGIIPMSLEKLQYLTYFNVSDNKLHGEIPSGGSFKNLSSLSFINNEALCGSSRFSVPPCPTSSKHRSNRKKMLVLFLVLGIALVFVPIAFVFLWVRYRRGKRSPQQADSLSIATTERISYYELLQATDSLSESNLIGSGSFGSVYKGVLRGGTAIAVKVFNLQLEAAFKSFDTECEVLRCLRHRNLVKVITSCSNLDFKALVLEYMPNGSLEKYLYSHNYFLDIRQRLSIMIDVACALEYLHHGCSSPVIHCDLKPSNVLLDEDMVAHLSDFGISKLLGEDESDLYTKTLATFGYIAPEYGLDGLVSIKCDVYSYGIMLLETFTRRKPSDFEGDLSLKQWVSYSLPEAVMDVMDPNLVTPMDNHLQKELDIVASILKVALVCCAESPTSRTNMKDVVGMLQKIKIQLLAC,SNLIGSGSFGSVYKGVLRGGTAIAVKVFNLQLEAAFKSFDTECEVLRCLRHRNLVKVITSCSNLDFKALVLEYMPNGSLEKYLYSHNYFLDIRQRLSIMIDVACALEYLHHGCSSPVIHCDLKPSNVLLDEDMVAHLSDFGISKLLGEDESDLYTKTLATFGYIAPEYGLDGLVSIKCDVYSYGIMLLETFTRRKPSDFEGDLSLKQWVSYSLPEAVMDVMDPNLVTPMDNHLQKELDIVASILKVALVCCAESPTSRTNMKDVV,OQ999459
CGN18126-2_NR_2,CGN18126-2,S. leptophyes,MEKAFTFFLLTILLLLHYVMTQTNITTDQLALLSLKSQISSDPFHFLNESWSPAISVCHWVGTTCGSRHQRVKSLNLSNMALIGTIPRDLGNLTFLISLDLGSNNFHGNLPQEIAHLHRLKFLDLSFNNLRGEIPSWFGFLKQLQVLNLRNNSFTGFIPPSLSNASRLETLQISANLLEGNIPEEIGNLHNLNLLSIQHNKLTGSIPFTIFNISRIEVIAFTENNLSGNLPNGLCNGLPILKELYLSINKLDGHMPTSLSNCSQLQMLSLSRNEFDGPIHSEIGRLSNLQFLYLGSNHFTGIIPQDIRNLVNLVELNVGGNQITGSIPISIFNNSSLQYFSLGPNNLKGSLPREIGNLTKMQILILDENRFTGTYTFNLSDSNLNSLRDKLILSSGEIPKEIRNLVELEELNLELNSFSGSLPMEIFNISRLRIIALSFNNLSGTLPPNIGSTLPNIEGLYLASLTNLVGTIPHSISNCSKLTHLELSYNKLTGLIPNSLGYLTHLQWLNLAENNLTSDSYLSFLTSLTNCRNLTSLYLSSNPLNGMLPVSVRNFSKSLVKFYAAACDINGQIPNEIGNLSSLLDLDLSNNNLIGSIPTSTRNLRSLQRLDLNNNKLTGFIGDNLCKLQHLGDISLGQNQLSGSLPNCLGNVTSLRLIYLDSNKLSSNIPASLGNLKDLIKLYLSSNNMVGSLPPEIGNLKAATLIDLSMNQFSNGIPREIGGLQNLEYLSLRHNKLLGSIPDSVSNMVGLEFLDISHNNISGTIPMSMEKLQYLKYFNVSDNKLYGEIPSGGPFKNLSSQFFINNEALCALSRFSVPPCPTSSRHRSNRKQMLLLFLLLGIALVFVPISFVFLWIRYRRGKRSPQRADSLSIATTERISYYELLQATDSLSDSNLIGSGSFGSVYKGVLKSGTAIAVKVFNLQLEAAFKSFDTECEVLRSLRHRNLVKVITSCSNLDFKALVLEYMPNGSLDKYLYSHNYFLDIRQRLSIMIDVACALEYLHHGCSSPVIHCDLKPSNVLLDEDMVAHLSDFGISKLLGEDESDLYTKTLATFGYIAPEYGLDGLVSIKCDVYSYGTMLLETFARRKPSEFEGDLSLKQWVSYSLPEAVMDVMDANLVTPMDNRLQKELDIVASIMKVALDCCVESPTRRTNMKDVVGMLQKIKIQLLAC,SNLIGSGSFGSVYKGVLKSGTAIAVKVFNLQLEAAFKSFDTECEVLRSLRHRNLVKVITSCSNLDFKALVLEYMPNGSLDKYLYSHNYFLDIRQRLSIMIDVACALEYLHHGCSSPVIHCDLKPSNVLLDEDMVAHLSDFGISKLLGEDESDLYTKTLATFGYIAPEYGLDGLVSIKCDVYSYGTMLLETFARRKPSEFEGDLSLKQWVSYSLPEAVMDVMDANLVTPMDNRLQKELDIVASIMKVALDCCVESPTRRTNMKDVV,OQ999460
CGN18239-4_NR,CGN18239-4,S. tuberosum Ajanhuiri Group,MEKAFTVFLLIILLLLHYVMTQTNITTDQLALLSLKSQLSSDPFHYLDESWSPTIYVCHWVGVTCDYRHQRVKSLNLSDMALTGRIPHDFGNLTFLVSLDLGSNNFHGNFPQEMVRLRRLKFLKLSFNKFRGEIPSWFGFLKQLQVLNLKNNSFTGFIPPSLSNASRLETLEISANLLEGNIPEEIGNLQNLKLLSIQDNKLTGSIPFTIFNISSIEVIAFTNNSLSGNLPNGLCNGLPILKKLYLSTNKLHGHMPTSLSNCSQLQTLSLIENDFDGRIHSEIGRLSNLQTLLLGSNHFTGIIPQEIGNLVNLMELDVERNQITSSIPISIFNISSLQLVSLQTNNLKGSLPREIGNLTKMQFLYLDENRFTGEIPKEIRNLVELEKLGLGSNCFRGSLPMEIFNISRLRIIALTNNNLSGTLPPNIGSTLPNIEELYLHGLTNLVGTIPHSISNCSKLTLLELSQNKLTGLIPNSLGYLTHLNILNLRRNNLTSDSFLSFLTSLTNCTRLTILSLSFNPLNAMLPVSIGNFSKSLLTFFVNACNINGKIPNEVGNLSNLLGLDLSDNNLIGSIPTSIHNLRSLQRLYLNNNKLTGFIGDNLCILQHLGEIYLGQNQLTGSIPNCLGNVTSLREIHISYNKLSSNIPTSLGNLKDLVVLDLSSNNMVGSLPPEIGNLKATTHMDLSMNEFSNGIPREIGGLQNLVHLSLRHNKLQGSIPDSVGNMVGLEFLDISHNNMSGTIPMSMEKLQNLKYFNVSNNKLYGEIPSGGPFKNLSSQFFINNKALCGLSRFSVPPCPTSSRHISNRKQMLLLFLLLGIALVFVPTSFVFLWIRYRRGKRSPQRADSLSIATTERISYYELLQAIDSLSDSNLIGSGSFGSVYKGVLRSGTAIAVKVFNLQLEAAFKSFDTECEVLRSLRHRNLVKVITSCSNLDFKALVLEYMPNGSLEKYLYSHNYFLDIRQRLSIMIDVACALEYLHHGCSSPVIHCDLKPSNVLLNEDMVAHLSDFGISKLLGEDESDLYTKTLATFGYIAPEYGLDGLVSIKCDVYSYGIMLLETFTRRKPTEFEGDLSLKQWVSYSHPEAVMDVMDANLVTPIDNRLQKELDIVASIMKVALDCCVESPTRRTNMKDVVGMLQKIKIQLLAC,SNLIGSGSFGSVYKGVLRSGTAIAVKVFNLQLEAAFKSFDTECEVLRSLRHRNLVKVITSCSNLDFKALVLEYMPNGSLEKYLYSHNYFLDIRQRLSIMIDVACALEYLHHGCSSPVIHCDLKPSNVLLNEDMVAHLSDFGISKLLGEDESDLYTKTLATFGYIAPEYGLDGLVSIKCDVYSYGIMLLETFTRRKPTEFEGDLSLKQWVSYSHPEAVMDVMDANLVTPIDNRLQKELDIVASIMKVALDCCVESPTRRTNMKDVV,OQ999461
CGN18300-1_NR_1,CGN18300-1,S. raphanifolium,MENAFTVFLLTILLLLHYVMTQTSITTDQLALLSLKSQISSDPFHYLNESWSPAINVCRWVGVTCGSRHQRVKSLNLSDMTLTGTIPRDLGNLTFLISLDLGSNNFHGNLPQEIARLSRLKFLDLSFNKFRGEIPSWFEFLERLQVLNLRSNSFTGFIPPSLSNASRLETLQISANLLEGNIPEEIGNLHNLNLLSIQNNKLTGSIPFTIFNISSIEVIAFTNNSLSGNLPNGLCNGLPILKELYLSMNKLHGHMPTSLSNCSQLQILSLSENDFDGQIHSEIGRLSNLQTLLLGSNHFTGIIPQDIGNFVNLVELDVVGNQITGSIPISIFNISSLQFLSLATNNLKGSLPREIGNLTNMQFLYLHENRFTGEIPKEIRNLVELEELLLGLNSFSGSLPMEIFNISRLTIIDLSGNNLSGTLPPNIGSTLPNIEELYLGVLTNLVGTIPHSISNCSKLTRLELSRNKLTGLIPNSLGYLTHLNFLNLRENNLTSDSFLSFLTSLTNCRNLASLDLSFNPLNGMLPVSVGNFSKSFVKFYAAACDFNGQIPNEVGNLTNLIDLNLPDNLIGSIPTSIHNLRSLQRLDLNNNKLTGFIGDHICKLNYLGAIDLGQNQLSGSLPNCLGNVTSLRLIYLDSNKLSSNIPTSLGNLKDLIELHLSSNNMVGSLPPEIGNLKAATLIDLSMNQFSKGIPREIGGLQNLEYLSLRHNKLLGSIPDSMSNMLSLGYLDISHNNISGTIPMSFEKLQYLKYFNVSVNKLYGEIPSGGPFKNLSSQFFINNEALCGLSRFSVPPCPTSSTHRSNTKKLLLLFLLLGIAIVLVPIAFVFLWIRYRRGKRAPQQADSWSMATTERISYYELLQATDSLSESNLIGSGSFGSVYKGVLRSGTAIAVKVFNLQLEAAFKSFDTECEVLRSLRHRNLVKVITSCSNLDFKALMLEYMPNGSLDKYLYSHNYFLDIRQRLSIMIDVACALEYLHHGCSSPVIHCDLKPSNVLLDEDMVAHLSDFGISKLLGEDESDLYTKTLATFGYIAPEYGLDGLVSIKCDVYSYGIMLLETFTRRKPSEFEGDLSLKQWVSYSLPEAVMDVMDANLVTPMDNRLQKELDIVASIMKVALDCCAESPTRRTNMKDVVGMLQKIKIQLLAC,SNLIGSGSFGSVYKGVLRSGTAIAVKVFNLQLEAAFKSFDTECEVLRSLRHRNLVKVITSCSNLDFKALMLEYMPNGSLDKYLYSHNYFLDIRQRLSIMIDVACALEYLHHGCSSPVIHCDLKPSNVLLDEDMVAHLSDFGISKLLGEDESDLYTKTLATFGYIAPEYGLDGLVSIKCDVYSYGIMLLETFTRRKPSEFEGDLSLKQWVSYSLPEAVMDVMDANLVTPMDNRLQKELDIVASIMKVALDCCAESPTRRTNMKDVV,OQ999462
CGN18300-1_NR_2,CGN18300-1,S. raphanifolium,MENAFTVFLLTILLLLHYVMTQTSITTDQLALLSLKSQISSDPFHYLNESWSPAINVCRWVGVTCGSRHQRVKSLNLSDMTLTGTIPRDLGNLTFLISLDLGSNNFHGNLPQEIARLSRLKFLDLSFNKFRGEIPSWFEFLERLQVLNLRSNSFTGFIPPSLSNASRLETLQISANLLEGNIPEEIGNLHNLNLLSIQNNKLTGSIPFTIFNISSIEVIAFTNNSLSGNLPNGLCNGLPILKELYLSMNKLHGHMPTSLSNCSQLQILSLSENDFDGQIHSEIGRLSNLQTLLLGSNHFTGIIPQDIGNFVNLVELDVVGNQITGSIPISIFNISSLQFLSLATNNLKGSLPREIGNLTNMQFLYLHENRFTGEIPKEIRNLVELEELLLGLNSFSGSLPMEIFNISRLTIIDLSGNNLSGTLPPNIGSTLPNIEELYLGVLTNLVGTIPHSISNCSKLTRLELSRNKLTGLIPNSLGYLTHLNFLNLRENNLTSDSFLSFLTSLTNCRNLASLDLSFNPLNGMLPVSVGNFSKSFVKFYAAACDFNGQIPNEVGNLTNLIDLNLPDNLIGSIPTSIHNLRSLQRLDLNNNKLTGFIGDHICKLNYLGAIDLGQNQLSGSLPNCLGNVTSLRLIYLDSNKLSSNIPTSLGNLKDLIELHLSSNNMVGSLPPEIGNLKAATLIDLSMNQFSKGIPREIGGLQNLEYLSLRHNKLLGSIPDSMSNMLSLGYLDISHNNISGTIPMSFEKLQYLKYFNVSVNKLYGEIPSGGPFKNLSSQFFINNEALCGLSRFSVPPCPTSSTHRSNTKKLLLLFXLLGIAIVLVPIAFVFLWIRYRRGKRAPQQADSWSMATTERISYYELLQATDSLSESNLIGSGSFGSVYKGVLRSGTAIAVKVFNLQLEAAFKSFDTECEVLRSLRHRNLVKVITSCSNLDFKALMLEYMPNGSLDKYLYSHNYFLDIRQRLSIMIDVACALEYLHHGCSSPVIHCDLKPSNVLLDEDMVAHLSDFGISKLLGEDESDLYTKTLATFGYIAPEYGLDGLVSIKCDVYSYGIMLLETFTRRKPSEFEGDLSLKQWVSYSLPEAVMDVMDANLVTPMDNRLQKELDIVASIMKVALDCCAESPTRRTNMKDVVGMLQKIKIQLLAC,SNLIGSGSFGSVYKGVLRSGTAIAVKVFNLQLEAAFKSFDTECEVLRSLRHRNLVKVITSCSNLDFKALMLEYMPNGSLDKYLYSHNYFLDIRQRLSIMIDVACALEYLHHGCSSPVIHCDLKPSNVLLDEDMVAHLSDFGISKLLGEDESDLYTKTLATFGYIAPEYGLDGLVSIKCDVYSYGIMLLETFTRRKPSEFEGDLSLKQWVSYSLPEAVMDVMDANLVTPMDNRLQKELDIVASIMKVALDCCAESPTRRTNMKDVV,OQ999463
CGN18357-2_NR_1,CGN18357-2,S. abancayense,MEKAFTFFLLTILLLLHYVMTQTNITTDQLALLSLKSQISSNPFHYLAESWSPAINVCRWVGVTCDYHHQRVKSLNLSDMALTGRIPRDFGNLTFLVSLDLGNNNFHGNLPQEMVRLHRLKFLNLSFNKFRGEIPSWFGFLKQLQVLNLRNNSFTGFIPPSLSNASRLETLQISANLLEGNIPEEIGNLHNLNLLSIQNNKLTGSIPFTIFNISSIQVIAFTNNSLSGNLPNGLCNGLPILKELYLSINKLHGHMPTSLSNCSQLQILSLSENDFDGQIHSEIGRLSNLQTLEIGSNHFTGIIPQDIGNFVNFVELDVVGNQITGSIPISIFNSSSLQFFSLARNNLKGSLPRDIGNLTKMQFLYLHENRFTGEIPKEIRNLVELEELLLGLNNFSGSLPMEIFNISGLRVMDLSLNNLSGTLPPNIGSTLPNIEGLYLGALTNLVGTIPHSISNCSKLTRLELSHNKLTGLIPNSLGYLTHLNFLNLQENNLTSDSFISFLTSLTDCRNLTFLNLSLNPLNAMLPVSVGNFSISLIKFYANACNIKGKIPNEVGNLSNLLDLDLSDNNLIGSIPTSIHNLRSLQRFTLSYNKLTGFIGDNLCKLQHLGDIYLGQNQLSGSIPNCLGNVTSLRFILLDSNKLSSNIPTSLGNLKDLIELDLSSNNMVGSLPPEIGNLKAATLIDLSMNQFSNGIPREIGGLQNLEYLSLRHNKLQGSIPDPMSNMLSLGYLDISHNNISGTIPMSFEKLQYLKYFNVSVNKLYGEIPSGGPFKNLSSQFFINNEALCSLSRFSVPPCPTSSRHRSNRKQMLLLFLLLGIALVFVPIAFLFVWIRYRRGKRAPQQADSLSIATTERISYYELLQATDTLGESNLIGSGSFGSVYKGVLRSGTAIAVKVFNLQLEAAFKSFDTECEVLRSLRHRNLVKVITSCSNLDFKALVLEYMPNGSLNKYLYSHNYFLDIRQRLSIMIDVACALEYLHHGCSSPVIHCDLKPSNVLLDEDMVAHLSDFGISKLLGEDERDLYTKTLATFGYIAPEYGLDGLVSIKCDVYSYGIMLLETFTRRKPTEFEGDLSLKQWVSYSLPEAVMDVMDANLVTPMDNRLQKELDIVASIMKVALDCCVESPTRRTNMKDVVGMLQKIKIQLLAC,SNLIGSGSFGSVYKGVLRSGTAIAVKVFNLQLEAAFKSFDTECEVLRSLRHRNLVKVITSCSNLDFKALVLEYMPNGSLNKYLYSHNYFLDIRQRLSIMIDVACALEYLHHGCSSPVIHCDLKPSNVLLDEDMVAHLSDFGISKLLGEDERDLYTKTLATFGYIAPEYGLDGLVSIKCDVYSYGIMLLETFTRRKPTEFEGDLSLKQWVSYSLPEAVMDVMDANLVTPMDNRLQKELDIVASIMKVALDCCVESPTRRTNMKDVV,OQ999464
CGN18357-2_NR_2,CGN18357-2,S. abancayense,MEKAFTFFLLTILLLLHYVMTQTNITTDQLALLSLKSQISSNPFHYLAESWSPAINVCRWVGVTCDYHHQRVKSLNLSDMALTGRIPRDFGNLTFLVSLDLGNNNFHGNLPQEMVRLHRLKFLNLSFNKFRGEIPSWFGFLKQLQVLNLRNNSFTGFIPPSLSNASRLETLQISANLLEGNIPEEIGNLHNLNLLSIQNNKLTGSIPFTIFNISSIQVIAFTNNSLSGNLPNGLCNGLPILKELYLSINKLHGHMPTSLSNCSQLQILSLSENDFDGQIHSEIGRLSNLQTLEIGSNHFTGIIPQDIGNFVNFVELDVVGNQITGSIPISIXNSSSLQFFSLARNNLKGSLPRDIGNLTKMQFLYLHENRFTGEIPKEIRNLVELEELLLGLNNFXGSLPMEIFNXSGLRVMDLSLXNLSGTLPPNIGSTLLNIEGLYLGALTDLVGTIPHSISNCSKLTRLELSHNKLTGLIPNSLGYLTHLNFLNLQENNLTSDSFISFLTSLTDCRNLTFLNLSLNPLNAMLPVSVGNFSISLIKFYANACNIKGKIPNEVGNLSNLLDLDLSDNNLIGSIPTSIHNLRSLQRFTLSYNKLTGFIGDNLCKLQHLGDIYLGQNQLSGSIPNCLGNVTSLRFILLDSNKLSSNIPTSLGNLKDLIELDLSSNNMVGSLPPEIGNLKAATLIDLSMNQFSNGIPREIGGLQNLEYLSLRHNKLQGSIPDPMSNMLSLGYLDISHNNISGTIPMSFEKLQYLKYFNVSVNKLYGEIPSGGPFKNLSSQFFINNEALCSLSRFSVPPCPTSSRHRSNRKQMLLLFLLLGIALVFVPIAFLFVWIRYRRGKRAPQQADSLSIATTERISYYELLQATDTLGESNLIGSGSFGSVYKGVLRSGTAIAVKVFNLQLEAAFKSFDTECEVLRSLRHRNLVKVITSCSNLDFKALVLEYMPNGSLNKYLYSHNYFLDIRQRLSIMIDVACALEYLHHGCSSPVIHCDLKPSNVLLDEDMVAHLSDFGISKLLGEDERDLYTKTLATFGYIAPEYGLDGLVSIKCDVYSYGIMLLETFTRRKPTEFEGDLSLKQWVSYSLPEAVMDVMDANLVTPMDNRLQKELDIVASIMKVALDCCVESPTRRTNMKDVVGMLQKIKIQLLAC,SNLIGSGSFGSVYKGVLRSGTAIAVKVFNLQLEAAFKSFDTECEVLRSLRHRNLVKVITSCSNLDFKALVLEYMPNGSLNKYLYSHNYFLDIRQRLSIMIDVACALEYLHHGCSSPVIHCDLKPSNVLLDEDMVAHLSDFGISKLLGEDERDLYTKTLATFGYIAPEYGLDGLVSIKCDVYSYGIMLLETFTRRKPTEFEGDLSLKQWVSYSLPEAVMDVMDANLVTPMDNRLQKELDIVASIMKVALDCCVESPTRRTNMKDVV,OQ999465
CGN18357-2_NR_3,CGN18357-2,S. abancayense,MEKAFTFCLLTVLLLLQYVMAQTNIATDQLALLSLKSQIISDPFHYLDGSWSPATYVCRWVGVTCGSRHQRVKSLNLSNMTLTGRIPQDFGNLIFLRSLDLGSNNFIGNLPQEMTRLSRLKFINLSFNKFSGEVPSWFGFLFQLQFLNIRNNSFTGSIPPSLSNASRLETLEISANLLQGNIPEEIGNLQNLNMLSIEHNQLTGSIPFTIFNISRIEVIAFTNNSLSGDLPNGLCKHLTILRRLDLSGNKLDGHMPKSLSNCSKLQILSLSENDFDGPIHSELGRLSNLQTLDIASNHFTGIIPQEIGKLVNLVKLDVERNQITGSIPISILNISSLQLVSLWRNNLSGSLPREIGNLTKMQFLYLDENRFTGEIPKINNLVELEEFEVGFNSFSGSLAMETFNKSRLRIISLAYNNISGTLPSNIGSILPNVEELYLNSLTNLVGTIPHSISNCSKLTLLELSDNKLTGLIPNSLGYLTRLQALVLEINNLTSDSFLSFLTSLTNCRNLTYLLLSLNPLNGMLPVSAGNLSTSLTLFYAHNCKIKGRIPNEVGNLSSLLDLDLSGNNLVGSIPRTIGNLQNIQQFKMSDNKLVGFIEDNICKLQYLGDIYLGQNQLSGSLPNCLGNVTSLRQIHMGSNKLSSNIPTSLGNLKDLVVLDLSSNNMVGSLPTEIGNLKAVTRMDLSMNQFSNRIPRQIGGLQNLAHLSLRHNKLQGSIPDSMSNMVGLEFLDISHNNISGTIPMSLEKLQYLECFNVSFNKLHGEIPSGGPFKNLSSQFFINNEALCGLSRFNVPPCPTLSTHRSNRKKLLVLFLLIGIALVFAPIAFLFLWIRYRRGKRAPKQADSLSIATTESISYYELLQATDSHSESNLIGSGSFGSVYKGVLRSGTAIAVKVFNLQLEAAFKSFDTECEVLRSLRHRNLVKVITSCSNLDFKALVLEYMPNGSLDKYLYSHNYFLDIRQRLSIMIDVACALEYLHHGCSSPVIHCDLKPSNVLLDEDMVAHLSDFGISKLLGEDESDLYTKTLATFGYIAPEYGLDGLVSIKCDVYSYGIMLLEMFTRRKPTEFEGDLSLKQWVSYSLPEAVMDVMDANLVTPMDNRLQKELDIVASILKVALDCCNESPTRRTNMKDVVGMLQKIKIQLLAC,SNLIGSGSFGSVYKGVLRSGTAIAVKVFNLQLEAAFKSFDTECEVLRSLRHRNLVKVITSCSNLDFKALVLEYMPNGSLDKYLYSHNYFLDIRQRLSIMIDVACALEYLHHGCSSPVIHCDLKPSNVLLDEDMVAHLSDFGISKLLGEDESDLYTKTLATFGYIAPEYGLDGLVSIKCDVYSYGIMLLEMFTRRKPTEFEGDLSLKQWVSYSLPEAVMDVMDANLVTPMDNRLQKELDIVASILKVALDCCNESPTRRTNMKDVV,OQ999466
CGN18357-2_NR_4,CGN18357-2,S. abancayense,MEKAFTFFLLTILLLLHYVMTQTNITTDQLALLSLKSQISSDPFHYLNESWSPAINVCRWVGVTCGSHHQRVKSLNLSDMTLTGTIPRDLGNLTFLISLDLGSNNFHGNLPQEIARLSRLKFLDLSFNKFRGEIPSWFGFLERLQVLNLRSNSFTGFIPPSLSNASRLETLEISANLLEGNIPEEIGNLHNLNLLSIQHNKLTGSIPFTIFNISSIEVIAFTNNSLSGNLPNGLCNGLPILKELRLSVNKLHGHMPKSLSNCSQLQKLSLSGNDFDGPIHSEIGRLSNLQILYLGANHFTGIIPQEIGNLVNLMKLGVEINQITNSIPISIFNISSLQEVSLWKNNLKGSLPREIGNLTKMQFLYLEENRFTGTYTFNLSDSNLNSLRDKLILSSGEIPKEIRNLVELEELNLELNSFSGSLPMEIFNISRLRIMSLSANNLSGTLPPNIGSTLPNIEELYLHGLTNLVGTIPHSISNCSKLNNLELSQNKLTGLIPNSLGYLTHLHYLNLRRNNLTSDSFLSFLTSLTNCRNLTSLYLSFNPLNAMLPVSVGNFSISLIKFDANACNIKGKIPNEVGNLSNLLDLDLSDNNLIGSIPTSIHNLRSLQRFTLSYNKLTGFIGDNLCKLQHLGDIYLGQNQLSGSIPNCLGNVTSLRFILLDSNKLSSNIPTSLGNLKDLIELDLSSNNMVGSLPPEIGNLKAATLIDLSMNQFSNGIPREIGGLQNLEYLSLRHNKLQGSIPDPMSNMLSLGYLDISHNNISGTIPMSFEKLQYLKYFNVSVNKLYGEIPSGGPFKNLSSQFFINNEALCSLSRFSVPPCPTSSRHRSNRKQMLLLFLLLGIALVFVPIAFLFVWIRYRRGKRAPQQADSLSIATTERISYYELLQATDTLGESNLIGSGSFGSVYKGVLRSGTAIAVKVFNLQLEAAFKSFDTECEVLRSLRHRNLVKVITSCSNLDFKALVLEYMPNGSLNKYLYSHNYFLDIRQRLSIMIDVACALEYLHHGCSSPVIHCDLKPSNVLLDEDMVAHLSDFGISKLLGEDERDLYTKTLATFGYIAPEYGLDGLVSIKCDVYSYGIMLLETFTRRKPTEFEGDLSLKQWVSYSLPEAVMDVMDANLVTPMDNRLQKELDIVASIMKVALDCCVESPTRRTNMKDVVGMLQKIKIQLLAC,SNLIGSGSFGSVYKGVLRSGTAIAVKVFNLQLEAAFKSFDTECEVLRSLRHRNLVKVITSCSNLDFKALVLEYMPNGSLNKYLYSHNYFLDIRQRLSIMIDVACALEYLHHGCSSPVIHCDLKPSNVLLDEDMVAHLSDFGISKLLGEDERDLYTKTLATFGYIAPEYGLDGLVSIKCDVYSYGIMLLETFTRRKPTEFEGDLSLKQWVSYSLPEAVMDVMDANLVTPMDNRLQKELDIVASIMKVALDCCVESPTRRTNMKDVV,OQ999467
CGN18357-2_NR_5,CGN18357-2,S. abancayense,MEKAFTFFLLTILLLLHYVMTQTNITTDQLALLSLKSQISSNPFHYLAESWSPAINVCRWVGVTCDYHHQRVKSLNLSDMALTGRIPRDFGNLTFLVSLDLGNNNFHGNLPQEMVRLHRLKFLNLSFNKFRGEIPSWFGFLKQLQVLNLRNNSFTGFIPPSLSNASRLETLQISANLLEGNIPEEIGNLHNLNLLSIQNNKLTGSIPFTIFNISSIQVIAFTNNSLSGNLPNGLCNGLPILKELYLSINKLHGHMPTSLSNCSQLQILSLSENDFDGQIHSEIGRLSNLQTLEIGSNHFTGIIPQDIGNFVNFVELDVVGNQITGSIPISIFNSSSLQFFSLARNNLKGSLPRDIGNLTKMQFLYLHENRFTGEIPKEIRNLVELEELLLGLNNFSGSLPMEIFNISGLRVMDLSLNNLSGTLPPNIGSTLPNIEGPYLGALTNLVGTIPHSISNCSKLTRLELSHNKLTGLIPNSLGYLTHLNFLNLQENNLTSDSFISFLTSLTDCRNLTFLNLSLNPLNAMLPVSVGNFSISLIKFYANACNIKGKIPNEVGNLSNLLDLDLSDNNLIGSIPTSIHNLRSLQRFTLSYNKLTGFIGDNLCKLQHLGDIYLGQNQLSGSIPNCLGNVTSLRFILLDSNKLSSNIPTSLGNLKDLIELDLSSNNMVGSLPPEIGNLKAATLIDLSMNQFSNGIPREIGGLQNLEYLSLRHNKLQGSIPDPMSNMLSLGYLDISHNNISGTIPMSFEKLQYLKYFNVSVNKLYGEIPSGGPFKNLSSQFFINNEALCSLSRFSVPPCPTSPRHRSNRKQMLLLFLLLGIALVFVPIAFLFVWIRYRRGKRAPQQADSLSIATTERISYYELLQATDTLGESNLIGSGSFGSVYKGVLRSGTAIAVKVFNLQLEAAFKSFDTECEVLRSLRHRNLVKVITSCSNLDFKALVLEYMPNGSLNKYLYSHNYFLDIRQRLSIMIDVACALEYLHHGCSSPVIHCDLKPSNVLLDEDMVAHLSDFGISKLLGEDERDLYTKTLATFGYIAPEYGLDGLVSIKCDVYSYGIMLLETFTRRKPTEFEGDLSLKQWVSYSLPEAVMDVMDANLVTPMDNRLQKELDIVASIMKVALDCCVESPTRRTNMKDVVGMLQKIKIQLLAC,SNLIGSGSFGSVYKGVLRSGTAIAVKVFNLQLEAAFKSFDTECEVLRSLRHRNLVKVITSCSNLDFKALVLEYMPNGSLNKYLYSHNYFLDIRQRLSIMIDVACALEYLHHGCSSPVIHCDLKPSNVLLDEDMVAHLSDFGISKLLGEDERDLYTKTLATFGYIAPEYGLDGLVSIKCDVYSYGIMLLETFTRRKPTEFEGDLSLKQWVSYSLPEAVMDVMDANLVTPMDNRLQKELDIVASIMKVALDCCVESPTRRTNMKDVV,OQ999468
CGN20603-3_NR_1,CGN20603-3,S. candolleanum,MEKAFTVFLLTILLLLHYVMTQTNITTDQLALLSLKSQISSDPFHYLDESWSPAINVCRWVGVTCDYRHQRVKSLNLSDMALTGRIPRDFGDLTFLVSLDLGSNNFHGNLPQEMVRLRRLKFLKLSFNKFRGEIPSWFGFLKQLQVLNLKNNSFTGFIPPSLSNASRLETLEISANLLEGNIPEEIGNLHNLNVLSMEYNQLTGSIPFTIFNISRIKAIAFTDNRLSGDLPNGLCNRLPLLKGLYLSRNKLHGHMPTSLSNCSQLQTLSLIENDFDGRIHSEIGRLSNLQTLLLGSNHFTGKIPQEIGNLVNLMELAVERNQITSSIPISIFNISSLQEVSLWRNNLKGSLPREIGNLTKMQFLYLQDNRFTGTYTFNLSDSNLNSLRDKLILSSGEIPKEIRNLVELEELTLQFNSFSGSLPMEIFNISRLRNIALSNNNLSGTLPPNIGSILPNIEELYLHGLINLVGTIPHSISNCSKLTKLELSHNKLSGLIPNSLGYLTHLNFLNLERNNLTSDSFLSFLTSLTNCRNLTTLSVSFNPLNGMLPVSVGNFSKSLVTFYARACKINGQIPNEVGNLTNLIDLALPGNDLSGWIPTSTRNIRNLQRMYFENNKLTGFIGDHICKLQHLGAINLTQNQLSGSLPNCLGNVTSLREIHISSNKLSSSIPTSLGNLKDLIELDLSSNNMVGSLPPDIGNLKAVTYMDLSMNQFTNGIPREIGGLQNLVYLYLDHNKLQGSIPDSISNMVSLGYLDISHNNISGSIPMSFEKLQYLKYFNVSDNKLYGEIPSGGPFKNLSSQFFINNEALCGLSRFSVPPCFTSLKHRSNRKKLLVLFLFLGIALVVVPVAFLFLWIRYRRGKRSPQQADSLSIATTERISYYELLQATDSLSESNLIGSGSFGSVYKGVLRSGTAIAVKVFNLQLEATFKSFDTECEVLRSLRHRNLVKVITSCSNLDFKALVLEYMPNGSLDKYLYSHNYFLDIRKRLSIMIDVACALEYFHHGCSSPVIHCDLKPSNVLLDEDMVAHLSDFGMSKLLGEDESDLYTKTLATFGYIAPEYGLDGLVSIKCDVYSYGIMLLETFTRRKPSDFEGDLSLKQWVSYSLPEAVMDVMDPNLVTPVDNRLQKELDIVASILKVALDCCAESPTRRTNMKDVVGMLQKIKIQLLAC,SNLIGSGSFGSVYKGVLRSGTAIAVKVFNLQLEATFKSFDTECEVLRSLRHRNLVKVITSCSNLDFKALVLEYMPNGSLDKYLYSHNYFLDIRKRLSIMIDVACALEYFHHGCSSPVIHCDLKPSNVLLDEDMVAHLSDFGMSKLLGEDESDLYTKTLATFGYIAPEYGLDGLVSIKCDVYSYGIMLLETFTRRKPSDFEGDLSLKQWVSYSLPEAVMDVMDPNLVTPVDNRLQKELDIVASILKVALDCCAESPTRRTNMKDVV,OQ999469
CGN20603-3_NR_2,CGN20603-3,S. candolleanum,MEKAFTVFLLTILLLLHYVMTQTNITTDQLALLSLKSQISSDPFHYLDESWSPAINVCRWVGVTCDYRHQRVKSLNLSDMALTGRIPRDFGDLTFLVSLDLGSNNFHGNLPQEMVRLRRLKFLKLSFNKFRGEIPSWFGFLKQLQVLNLKNNSFTGFIPPSLSNASRLETLEISANLLEGNIPEEIGNLHNLNVLSMEYNQLTGSIPFTIFNISRIKAIAFTDNRLSGDLPNGLCNRLPLLKGLYLSRNKLHGHMPTSLSNCSQLQTLSLIENDFDGRIHSEIGRLSNLQTLLLGSNHFTGKIPQEIGNLVNLMELAVERNQITSSIPISIFNISSLQEVSLWRNNLKGSLPREIGNLTKMQFLYLQDNRFTGTYTFNLSDSNLNSLRDKLILSSGEIPKEIRNLVELEELTLQFNSFSGSLPMEIFNISRLRNIALSNNNLSGTLPPNIGSILPNIEELYLHGLINLVGTIPHSISNCSKLTKLELSHNKLSGLIPNSLGYLTHLNFLNLERNNLTSDSFLSFLTSLTNCRNLTTLSVSFNPLNGMLPVSVGNFSKSLVTFYARACKINGQIPNEVGNLTNLIDLALPGNDLSGWIPTSTRNIRNLQRMYFENNKLTGFIGDHICKLQHLGAINLTQNQLSGSLPNCLGNVTSLREIHISSNKLSSNIPTSLGNLKDLIELDLSSNNMVGSLPPDIGNLKAVTYMDLSMNQFTNGIPREIGGLQNLVYLYLDHNKLQGSIPDSISNMVSLGYLDISHNNISGSIPMSFEKLQYLKYFNVSDNKLYGEIPSGGPFKNLSSQFFINNEALCGLSRFSVPPCFTSLKHRSNRKKLLVLFLFLGIALVVVPVAFLFLWIRYRRGKRSPQQADSLSIATTERISYYELLQATDSLSESNLIGSGSFGSVYKGVLRSGTAIAVKVFNLQLEATFKSFDTECEVLRSLRHRNLVKVITSCSNLDFKALVLEYMPNGSLDKYLYSHNYFLDIRKRLSIMIDVACALEYFHHGCSSPVIHCDLKPSNVLLDEDMVAHLSDFGMSKLLGEDESDLYTKTLATFGYIAPEYGLDGLVSIKCDVYSYGIMLLETFTRRKPSDFEGDLSLKQWVSYSLPEAVMDVMDPNLVTPVDNRLQKELDIVASILKVALDCCAESPTRRTNMKDVVGMLQKIKIQLLAC,SNLIGSGSFGSVYKGVLRSGTAIAVKVFNLQLEATFKSFDTECEVLRSLRHRNLVKVITSCSNLDFKALVLEYMPNGSLDKYLYSHNYFLDIRKRLSIMIDVACALEYFHHGCSSPVIHCDLKPSNVLLDEDMVAHLSDFGMSKLLGEDESDLYTKTLATFGYIAPEYGLDGLVSIKCDVYSYGIMLLETFTRRKPSDFEGDLSLKQWVSYSLPEAVMDVMDPNLVTPVDNRLQKELDIVASILKVALDCCAESPTRRTNMKDVV,OQ999470
CGN23485-1_NR,CGN23485-1,S. bukasovii,MEKAFTFFLLTILFLLHYVMTQTNITTDQLALLSLKSQISSDPFHFLNESWSPAISVCHWVGITCGSRHQRVKSLNLSNMALTGTIPRDLGNLTFLISLDLGSNNFHGNLPQEIAHLHRLKFLDLSFNFLRGEIPSWFGFLHQLEVLNLGNNSFTGSIPPSLSNASRLETLEISANLLEGNIPEEIGNLHNLKLLSIKHNKLTGSIPFTIFNISKIEVIAFTNNSLSGNLPNGLCNRLPILKELHLSINELRGHMPTSLSNCSQLQRLSLSINEFDGPIRSEIGKLSNLQRLYLGSNHFTGIIPREIGDLVNLVILGVERNQITGSIPISLFNMSSLRRVSLGRNNLKGSLPREIGNLTKMQALYLYENRFIGEISIEMRNLVELEELNVQDNSFSGSLPMEMFNISGLRVMDLTLNNLSGTIPPKIGSTLPNIERLYLHSLTNLVGTIPHSISNCSKLTILELAENKLTGLIPNSLGYLTHLQYLNLWGNNLTSDSFLSFLTSLTNCRNLTYLDLSMNPLNGMLPVSVGNLSKSLVKFYAAACKINDQIPNEVGNLSSLLDLNLSHNNFIGPIPTSIQNLRNLQRLYLNNNKLTGFIGDNICKLQHLGEIYLGQNQLSGSLPNCFGNVTSLRLIYIASNKLSSNIPTSLRNLKDLIKLDLSSNNMVGSLPPEIGNLKAVTYMDLSMNQFSNGIPREIGGLQNLAHLSLRHNKLQGSIPDSVSNMIGLEYLDISHNNISGTIPMSLEKLQNLKYFNASDNKLYGEIPLGGPFKNLSSLFFINNKALCGSSRFSVPPCPSSSKHRSNRKKMLVLFLLLGIALVLVPIASLFLWIRYIRGKRAPQLADSLSIATKERISYYELLQATESLSENNLIGSGSFGSVYKGVLRSGTAIAVKVFNLQLEAAFKSFDTECEVLRSLRHRNLVKVITSCSNLDFKALVLEYMPNGSLDKYLYSHNYFLDIRQRLSIMIDVACALEYLHHGCSSPVIHCDLKPSNVLLDEDMVAHLSDFGISKLLGEDETDSYTKTLATFGYIAPEYGLDGLVSVKCDVYSYGIMLLETFTRRKPSEFEGDLSLKQWVSYSLPEAVMDIMDANLVTPMDNRLQKELDIVASIMKVALDCCVESPARRTNMKHVVGMLQKIKIQLLAC,NNLIGSGSFGSVYKGVLRSGTAIAVKVFNLQLEAAFKSFDTECEVLRSLRHRNLVKVITSCSNLDFKALVLEYMPNGSLDKYLYSHNYFLDIRQRLSIMIDVACALEYLHHGCSSPVIHCDLKPSNVLLDEDMVAHLSDFGISKLLGEDETDSYTKTLATFGYIAPEYGLDGLVSVKCDVYSYGIMLLETFTRRKPSEFEGDLSLKQWVSYSLPEAVMDIMDANLVTPMDNRLQKELDIVASIMKVALDCCVESPARRTNMKHVV,OQ999471
DDS144-3_NR_1,DDS144-3,S. doddsii,MEKAFTFFLLTILLLLHYVMTQTNITTDQLALLSLKSQISSDPFHYLDESWSPAINVCRWVGVTCGSRHQRVKSLNLSDMTLTGKIPRDFGNLTFLVSLDLRRNNFHGNLPHEMVRLSRLKFLSLSFNKFRGEIPSWFGFLEQLQVLNLRNNSFTGFIPPSLSNASRLETLEISANLLEGNIPEEIGNLHNLKYLSMEINQLTGSIPFTIFNISKIEVIAFSNNGLSGNLPNGLCNRLPLLKGLHLSGNKFHGHMPKSLSNCSQLQILSLSINEFDGPIHSEIGKLSNLQRLYLGSNHFTGIIPREIGDLVNLVILGVEMNQITGSIPISLFNMSSLRRVSLGRNNLKGSLPREIGNLTKMQVLYLYENRFSGEIPKEMRNLVELEELNVQDNSFSGSLPMEMFNISGLRVMDLSLNNLSGTLPPNIGSTLPNIEGLYLNGLTNHVGTIPHSISNCSKLTILDLSQNKLTGLIPNSLGFLTHLQILNLWGNNLTSDSSLSFLTSLTNCRNLRLLILYLNPLNGMLPVSVGNFSKSLERFYASDCNIKGKIPNEVGNLSSLLDLDLSDNNLIGSIPTSIHNLRSLQRLDLNNNKLTGFIGDNLCKLQHLGDIYLGQNQLSGSLPNCLGNVTSLRLIYLDSNKLSSNIPTSLGNLKDLVVLDLSSNNMVGSLPPEIGNLNAAIYMNLSINQFTNGIPREIGGLQNLRYLSLRHNKLQGSIPDSVSNVIGLEFLDLSHNNISGIIPMPLEKLQYLKYFNVSDNKLHGEIPSGGPFKSLSGKFFINNEALCGLSRFNVPPCPTSSTHRSNRKKLLLLFILLGISLVFVSITFLFLWIRYRRGKRSPQRADSLSVATTERISYYELLQATDSLSESNLIGSGSFGSVYKGILRGGTAIAVKVFNLQLEAAFKSFDTECEVLRSLRHRNLVKVITSCSNPDFKALVLEYMSNGSLDKYLYSHNYFLDIRQRLSIMIDVACALEYLHHGCSSPVIHCDLKPSNVLLDEDMVAHLSDFGISKLLGEDESDLYTKTLATFGYIAPEYGLDGLVSIKCDVYSYGIMLLETFTRRKPNEFEGDLSLKQWVSYSLPEAVMDVMDANLVTPMDNRLQKELDIVASIMKVALDCCAESPTRRTNMKDVVGMLQKIKIQLLAC,SNLIGSGSFGSVYKGILRGGTAIAVKVFNLQLEAAFKSFDTECEVLRSLRHRNLVKVITSCSNPDFKALVLEYMSNGSLDKYLYSHNYFLDIRQRLSIMIDVACALEYLHHGCSSPVIHCDLKPSNVLLDEDMVAHLSDFGISKLLGEDESDLYTKTLATFGYIAPEYGLDGLVSIKCDVYSYGIMLLETFTRRKPNEFEGDLSLKQWVSYSLPEAVMDVMDANLVTPMDNRLQKELDIVASIMKVALDCCAESPTRRTNMKDVV,OQ999472
DDS144-3_NR_2,DDS144-3,S. doddsii,MEKAFTFFLLTILLLLHYVMTQTNITTDQLALLSLKSQISSDPFHYLDESWSPAINVCRWVGVTCGSRHQRVKSLNLSDMTLTGKIPRDFGNLTFLVSLDLRRNNFHGNLPHEMVRLSRLKFLSLSFNKFRGEIPSWFGFLEQLQVLNLRNNSFTGFIPPSLSNASRLETLEISANLLEGNIPEEIGNLHNLKYLSMEINQLTGSIPFTIFNISKIEVIAFSNNGLSGNLPNGLCNRLPLLKGLHLSGNKFHGHMPKSLSNCSQLQILSLSINEFDGPIHSEIGKLSNLQRLYLGSNHFTGIIPREIGDLVNLVILGVEMNQITGSIPISLFNMSSLRRVSLGRNNLKGSLPREIGNLTKMQVLYLYENRFSGEIPKEMRNLVELEELNVQDNSFSGSLPMEMFNISGLRVMDLSLNNLSGTLPPNIGSTLPNIEGLYLNGLTNHVGTIPHSISNCSKLTILDLSQNKLTGLIPNSLGFLTHLQILNLWGNNLTSDSSLSFLTSLTNCRNLRLLILYLNPLNGMLPVSVGNFSKSLERFYASDCNIKGKIPNEVGNLSSLLDLDLSDNNLIGSIPTSIHNLRSLQRLDLNNNKLTGFIGDNLCKLQHLGDIYLGQNQLSGSLPNCLGNVTSLRLIYLDSNKLSSNIPTSLGNLKDLVVLDLSSNNMVGSLPPEIGNLNAAIYMNLSINQFTNGIPREIGGLQNLRYLSLRHNKLQGSIPDSVSNVIGLEFLDLSHNNISGIIPMPLEKLQYLKYFNVSDNKLHGEIPSGGPFKSLSGKFFINNEALCGLSRFNVPPCPTSSTHRSNRKKLLLLFILLGISLVFVSITFLFLWIRYRRGKRSPQRADSLSVATTERISYYELLQATDSLSESNLIGSGSFGSVYKGILRGGTAIAVKVFNLQLEAAFKSFDTECEVLRSLRHRNLVKVITSCSNPDFKALVLEYMSNGSLDKYLYSHNYFLDIRQRLSIMIDVACALEYLHHGCSSPVIHCDLKPSNVLLDEDMVAHLSDFGISKLLGEDESDLYTKTLATFGYIAPEYGLDGLVSIKCDVYSYGIMLLETFTRRKPSDFEGDLSLKQWVSYSLPEAVMDVMDPNLVTPMDNRLQKELDIVASILKVALDCCAESPTSRTNMKDVVGMLQKIKIQLLAC,SNLIGSGSFGSVYKGILRGGTAIAVKVFNLQLEAAFKSFDTECEVLRSLRHRNLVKVITSCSNPDFKALVLEYMSNGSLDKYLYSHNYFLDIRQRLSIMIDVACALEYLHHGCSSPVIHCDLKPSNVLLDEDMVAHLSDFGISKLLGEDESDLYTKTLATFGYIAPEYGLDGLVSIKCDVYSYGIMLLETFTRRKPSDFEGDLSLKQWVSYSLPEAVMDVMDPNLVTPMDNRLQKELDIVASILKVALDCCAESPTSRTNMKDVV,OQ999473
DDS144-3_NR_3,DDS144-3,S. doddsii,MEKAFTFFLLTILLLLHYVMTQTNITTDQLALLSLKSQISSDPFHYLDESWSPTIYVCHWVGVTCDYRHQRVKSLNLSDMALSGRIPRDFGNLTFLVSLDLGRNNFHGNLPQEMVRLRRLKFLKLSFNNLRGEIPSWFGFLHQLQVLNLGNNSFTGFIPPSLSNASRLETLQISANLLEGNIPEEIGNLHNLKLLSIQYNKLTGSIPFTIFNISSIQVIAFTNNSLSGNLPNGLCNGLPILKKLYLSGNKLHGHMPTSLSNCSQLQTLSLFENDFDGPIHSEIGRLSNLQILYLGSNHFTGIIPQEIGNLVNLMELDMERNQITSSIPISIFNMSSLQVVTLGANNLKGSLPREIGNLTKLQYLYLHENRFTGEIPNEIRNLVELEVLDLQFNSFSGSLPMEIFNISRLRNIGLSGNNLSGTLPPNIGSTLPNIEILYLNSLTNLVGTIPHSISNCSKLTRLDLSGNKLSGLIPNSLGYLTHLNILRLRRNNLTSDSFLSFLTSLTNCRNLRRLSLSFNPLNAMLPVSVGNFSISLINFEANDCNIKGKIPNEVGNLSCLLNLVLSDNNLIGSIPTSIHNLRSLQHLDLNNNKLTGFIGDNLCKLQHLGDIYLGQTQLSGALPNCLGNVTSLRFLHLDSNKLSSNIPPSLGNLRDLVELNLSSNNMVGSLPPEIGNLKAATLIDLSMNQFSNGIPIEIGGLQNLVHLSLRHNKLQGSIPDSVSNMVGLEFLDISHNNISGTIPMSMEKLQYLKYFNVSVNKLYSEIPSGGPFKNLSSQFFIDNEALCGSSRFSVPPCATSSKHRSNRKKMIVLFLVLGIALVFVPISFVFLWIRYRRGKRSPQRADSLSIATTERISYYELLQAIDSLSDSNLIGSGSFGSVYKGVLRSGTAIAVKVFNLQLEAAFKSFDTECEVLRSLRHRNLVKVITSCSNLDFKALVLEYMPNGSLDKYLYSHNYFLDIRQRLSIMIDVACALEYLHHGCSSSVIHCDLKPSNVLLDEDMVAHLSDFGISKLLGEDESDLYTKTLATFGYIAPEYGLDGLVSIKCDVYSYGIMLLETFTRRKPNEFEGDLSLKQWVSYSLPEAVMDVMDANLVTPMDNRLQKELDIVASIMKVALDCCAESPTRRTNMKDVVGMLQKIKIQLLAC,SNLIGSGSFGSVYKGVLRSGTAIAVKVFNLQLEAAFKSFDTECEVLRSLRHRNLVKVITSCSNLDFKALVLEYMPNGSLDKYLYSHNYFLDIRQRLSIMIDVACALEYLHHGCSSSVIHCDLKPSNVLLDEDMVAHLSDFGISKLLGEDESDLYTKTLATFGYIAPEYGLDGLVSIKCDVYSYGIMLLETFTRRKPNEFEGDLSLKQWVSYSLPEAVMDVMDANLVTPMDNRLQKELDIVASIMKVALDCCAESPTRRTNMKDVV,OQ999474
MED183-4_NR,MED183-04,S. medians,MEKAFTFFLLTILSLLHYVMTQTNITTDQLALLSLKSQISFNPFHYLDESWSPATYVCRWVGVNCDYRHQRVKSLNLFNMTLTGRIPRDFGNLTFLVSLDLGSNNFHGNLPQEMVRLRRLKFLDLSLNKFSGEIPSWFGFLKQLQVLNLRNNSFTGFIPLSLSNASRLLTLEISANLLEGNIPEEIGNLHNLKYLSIQDNKLTGSIPFTIFNISSIQVIAFSNNSLSGNLPNGLCNGLPILKGLYLSINKLHGHMPTSLSNCSQLQILSLSGNDFDGRIHSEIGRLSNLKFLYLGSNHFTGIIPQEIGNLVNLLELGVEKNQITSSIPISIFNISSLQFVSLWRNNLKGSLPREIGNLTKMQVLNLEENRFTGEIPKEIRNLVELEELGLALNSFSGSLPMEIFNISRLTIISLSANNLSAILPPNIGSTLPNIERLYLHSLTNLVGTIPHSISNCSKLTRLELSDNKLTGLIPNSLGYLTHLQFLNLATNNLTSDSFLSFLTSLSNCRNLIDLSLSLNPLNAMLPVSVGNFSISLIKFGASACNIKGKIPNEVGNLSNLLDLDLSDNNLIGSIPTSIHNLRNLQRLYLNNNKLTGFIGDHICKLQHLGDTDLGQNQLSGSLPNCLGNVTSLRLIYMDSNKLNSNIPTSLGNLKDLMELDLSSNNMVGSLPPKIGNLKTATYMDLSMNQFANGIPREIGGLQNLEYLSLRHNKLLGSIPDSVSNMVGLEFLDISHNNISGTIPMSMEKLQNLKYFNVSDNKLYGEIPSGGPFKNLSSQFFINNEALCGLSRFSVPPCPTSSKHRSNRKQMLLLFLLLGIALVFVPISFVFLWIRYRRGKRSPQRADSLSIATTERISYYELLQATDSLSDGNLIGSGSFGSVYKGVLRSGTAIAVKVFNLQLEAAFKSFDIECEVLRSLRHRNLVKVITSCSNLDFKALVLEYMPNGSLDKYLYSHNYFLDIRQRLSIMIDVACALEYLHHGCSSPVIHCDLKPSNILLDEDMVAHLSDFGISKLLGEDESDLYTKTLATFGYIAPEYGLDGLVSIKM,GNLIGSGSFGSVYKGVLRSGTAIAVKVFNLQLEAAFKSFDIECEVLRSLRHRNLVKVITSCSNLDFKALVLEYMPNGSLDKYLYSHNYFLDIRQRLSIMIDVACALEYLHHGCSSPVIHCDLKPSNILLDEDMVAHLSDFGISKLLGEDESDLYTKTLATFGYIAPEYGLDGLVSIKM,OQ999475
megTOR704-4_NR_1,megTOR704-04,S. megistacrolobum subsp. toralapanum,MEKAFTFFLLTILLLLHYVMTQTNITTDQLALLSLKSQISSDPFHYLDESWSPAINVCRWVGVTCDYRHQRVKSLNLSDMALTGRIPRDFGDLTFLVSLDLGSNNFHGNLPQEMVRLRRLKFLKLSFNKFRGEIPSWFGFLKQLQVLNLKNNSFTGFIPPSLSNASRLETLQISANLLEGNIPEEIGNLHNLNVLSMEYNQLTGSIPFTIFNISRIKAIAFTDNRLSGDLPNGLCNRLPLLKGLYLSTNKLHGHMPTSLSNCSQLQTLSLIENDFDGRIHSEIGRLSNLQTLLLGSNHFTGIIPQDIRNLVNLVELDVGGNQITGSIPISIFNMSSLQYFSLGTNILKGSLPREIGNLTKMQFLYLHENRFTGEIPKEIRNLVELEELALGFNSFSGSLPMEIFNISRLRIIGLSSNNLSGTLPPNIGSTLPNIEWLLLGVLTNLVGTIPHSISNCSKLTRLELSQNKLTGLIPNSLGYLTHLQCLNLAENNLTSDSYLSFLTSLTNCRNLTSLYLSLNPLNGMLPVSVGNFSESLVTFYAAACDINGQIPNEVGNLSSLLDLDLSNNNFIGSIPTSTRNLRSLQRLDLNNNKLTGFIGDNLCKLQHLGDISLGQNQLSGSLPNCLGNVTSLRLIYLDSNKLSSNIPASLGNLKDLIKLHLSSNNMVGSLPPEIGNLMAATLIDLSMNQFSNGIPREIGGLQNLEYLSLRHNKLLGSIPDSVSNMVGLEFLDISHNNISGTIPMSMEKLQYLKYFNVSDNKLYGEIPSGGPFKNLSSQFFINNEALCGLSRFSVPPCPTSSRHRSNRKQMLLLFLLLGIALVFVPISFVFLWIRYRRGKRSPQRADSLSIATTERISYYELLQVTDSLSDSNLIGSGSFGSVYKGVLRSGTAIAVKVFNLQLEAAFKSFDTECEVLRSLRHRNLVKVITSCSNLDFKALVLEYMPNGSLDKYLYSHNYFLDIRQRLSIMIDVACALEYLHHGCSSPVIHCDLKPGNVLLDEDMVAHLSDFGISKLLGEDESDLYTKTLATFGYIAPEYGLDGLVSIKCDVYSYGIMLLETFTRRKPSEFEGDLSLKQWVSYSLPEAVMDVMDANLVTPMDNRLPKELDIVASIMKVALDCCAESPTRRTNMKDVVGMLQKIKIQLLAC,SNLIGSGSFGSVYKGVLRSGTAIAVKVFNLQLEAAFKSFDTECEVLRSLRHRNLVKVITSCSNLDFKALVLEYMPNGSLDKYLYSHNYFLDIRQRLSIMIDVACALEYLHHGCSSPVIHCDLKPGNVLLDEDMVAHLSDFGISKLLGEDESDLYTKTLATFGYIAPEYGLDGLVSIKCDVYSYGIMLLETFTRRKPSEFEGDLSLKQWVSYSLPEAVMDVMDANLVTPMDNRLPKELDIVASIMKVALDCCAESPTRRTNMKDVV,OQ999476
megTOR704-4_NR_2,megTOR704-04,S. megistacrolobum subsp. toralapanum,MEKAFTFFLLTILLLLHYVMTQTNITTDQLALLSLKSQISSDPFHYLDESWSPAINVCRWVGVTCDYRHQRVKSLNLSDMALTGRIPRDFGDLTFLVSLDLGSNNFHGNLPQEMVRLRRLKFLKLSFNKFRGEIPSWFGFLKQLQVLNLKNNSFTGFIPPSLSNASRLETLQISANLLEGNIPEEIGNLHNLNVLSMEYNQLTGSIPFTIFNISRIKAIAFTDNRLSGDLPNGLCNRLPLLKGLYLSTNKLHGHMPTSLSNCSQLQTLSLIENDFDGRIHSEIGRLSNLQTLLLGSNHFTGIIPQDIRNLVNLVELDVGGNQITGSIPISIFNMSSLQYFSLGTNILKGSLPREIGNLTKMQFLYLHENRFTGEIPKEIRNLVELEELALGFNSFSGSLPMEIFNISRLRIIGLSSNNLSGTLPPNIGSTLPNIEWLLLGVLTNLVGTIPHSISNCSKLTRLELSQNKLTGLIPNSLGYLTHLQCLNLAENNLTSDSYLSFLTSLTNCRNLTSFYLSLNPLNGMLPVSVGNFSESLVTFYAAACDINGQIPNEVGNLSSLLDLDLSNNNFIGSIPTSTRNLRSLQRLDLNNNKLTGFIGDNLCKLQHLGDISLGQNQLSGSLPNCLGNVTSLRLIYLDSNKLSSNIPASLGNLKDLIKLHLSSNNMVGSLPPEIGNLMAATLIDLSMNQFSNGIPREIGGLQNLEYLSLRHNKLLGSIPDSVSNMVGLEFLDISHNNISGTIPMSMEKLQYLKYFNVSDNKLYGEIPSGGPFKNLSSQFFINNEALCGLSRFSVPPCPTSSRHRSNRKQMLLLFLLLGIALVFVPISFVFLWIRYRRGKRSPQRADSLSIATTERISYYELLQVTDSLSDSNLIGSGSFGSVYKGVLRSGTAIAVKVFNLQLEAAFKSFDTECEVLRSLRHRNLVKVITSCSNLDFKALVLEYMPNGSLDKYLYSHNYFLDIRQRLSIMIDVACALEYLHHGCSSPVIHCDLKPGNVLLDEDMVAHLSDFGISKLLGEDESDLYTKTLATFGYIAPEYGLDGLVSIKCDVYSYGIMLLETFTRRKPSEFEGDLSLKQWVSYSLPEAVMDVMDANLVTPMDNRLPKELDIVASIMKVALDCCAESPTRRTNMKDVVGMLQKIKIQLLAC,SNLIGSGSFGSVYKGVLRSGTAIAVKVFNLQLEAAFKSFDTECEVLRSLRHRNLVKVITSCSNLDFKALVLEYMPNGSLDKYLYSHNYFLDIRQRLSIMIDVACALEYLHHGCSSPVIHCDLKPGNVLLDEDMVAHLSDFGISKLLGEDESDLYTKTLATFGYIAPEYGLDGLVSIKCDVYSYGIMLLETFTRRKPSEFEGDLSLKQWVSYSLPEAVMDVMDANLVTPMDNRLPKELDIVASIMKVALDCCAESPTRRTNMKDVV,OQ999477
megTOR704-4_NR_3,megTOR704-04,S. megistacrolobum subsp. toralapanum,MEKAFTFFLLTILLLLHYVMTQTNITTDQLALLSLKSQISSDPFHYLDESWSPAINVCRWVGVTCDYRHQRVKSLNLSDMALTGRIPRDFGDLTFLVSLDLGSNNFHGNLPQEMVRLRRLKFLKLSFNKFRGEIPSWFGFLKQLQVLNLKNNSFTGFIPPSLSNASRLETLKISANLLEGNIPEEIGNLHNLNWLSIEHNQLTGSIPFTIFNISSIELIAFTNNSLSGKLPSDLCNRLPILKELHLSMNKLHGHMPTSLSNCSQLQILSLSINDFDGRIHSEIGRLSNLQILYLGTNHFTGIIPQKIGNLVNLVELGVENNQITSSIPISIFNISSLQSLCLWGNNLSGFLPREIGNLTKMQFLYLDQNRFAGEISKEIRNLIELEELTLQFNSFSGSLPMEIFNISRLRTIQLSDNNLSGTLPPNIGSTLPNIEILYLHTLTNLVGTIPHSISNCSKLTDLELSQNKLSGLIPNSLGYLTHLNFLNLWGNDLTSDSFLSFLTSLTNCTRLTTLSLSFNPLNGMLPVSVGNFSKSLVKFYAAACKINGQIPNEVGNLSSVLDLDLSNNNLIGSIPTSTRNLRNLQRLYLNNNKLTGFIGDHICKLNHLGLIHLTQNQLAGSIPNCLGNVTSLRELHIGSNKLSSNIPTSLGNLKDLIELDLSSNHMVGSLPPEIGNLKAVTLIDLSMNRFSNGIPIEIGGLQNLVHLSLRHNKLQGSIPDSVSNMVGLEFLDISHNNISGTIPMSMEKLQNLKYFNVSVNKLYGEIPSGGPFKNLSSQFFIGNEALCGSSRFSVPPCATSSKHRSNRKKMLVLFLVLGIALVFVPITFVFLRIRYRRGKRSPQQADSLSIATTERISYYELLQATDSLSDRNLIGSGSFGSVYKGVLRSGTAIAVKVFNLQLEAAFKSFDTECEVLRSLRHRNLVKVITSCSNLDFKALVLEYMPNGSLDKYLYSHNYFLDIRQRLSIMIDVACALEYLHHGCSLPVIHCDLKPGNVLLDEDMVAHLSDFGISKLLGEDESDLYTKTLATLGYIAPGTSLCFADFSFLLLFHQEIMLNLMNCLTVEYGLDGRVSIKCDVYSYGIMLLETFTRRKPNEFEGDLSLKQWVSYSLPEAVMDVMDANLVTPMDNRLPKELDIVASIMKVALDCCAESPTRRTNMKDVVGMLQKIKIQLLAC,RNLIGSGSFGSVYKGVLRSGTAIAVKVFNLQLEAAFKSFDTECEVLRSLRHRNLVKVITSCSNLDFKALVLEYMPNGSLDKYLYSHNYFLDIRQRLSIMIDVACALEYLHHGCSLPVIHCDLKPGNVLLDEDMVAHLSDFGISKLLGEDESDLYTKTLATLGYIAPGTSLCFADFSFLLLFHQEIMLNLMNCLTVEYGLDGRVSIKCDVYSYGIMLLETFTRRKPNEFEGDLSLKQWVSYSLPEAVMDVMDANLVTPMDNRLPKELDIVASIMKVALDCCAESPTRRTNMKDVV,OQ999478
megTOR705-2_NR,megTOR705-02,S. megistacrolobum subsp. toralapanum,MEKAFTFFLLTILLLLHYVMTQTNITTDQLALLSLKSQISSDPFHYLDESWSPAINVCRWVGVTCDYRHQRVKSLNLSDMALTGRIPRDFGDLTFLVSLDLGSNNFHGNLPQEMVRLRRLKFLKLSFNKFRGEIPSWFGFLKQLQVLNLKNNSFTGFIPPSLSNASRLETLKISANLLEGNIPEEIGNLHNLNWLSIEHNQLTGSIPFTIFNISSIELIAFTNNSLSGKLPSDLCNRLPILKELHLSMNKLHGHMPTSLSNCSQLQILSLSINDFDGRIHSEIGRLSNLQILYLGTNHFTGIIPQEIGNLVNLVELGVENNQITSSIPISIFNISSLQSLCLWGNNLSGFLPREIGNLTKMQFLYLDQNRFAGEISKEIRNLIELEELTLQFNSFSGSLPMEIFNISRLRTIQLSDNNLSGTLPPNIGSTLPNIEILYLHTLTNLVGTIPHSISNCSKLTDLELSQNKLSGLIPNSLGYLTHLNFLNLWGNDLTSDSFLSFLTSLTNCTRLTTLSLSFNPLNGMLPVSVGNFSKSLVKFYAAACKINGQIPNEVGNLSSVLDLDLSNNNLIGSIPTSTRNLRNLQRLYLNNNKLTGFIGDHICKLNHLGLIHLTQNQLAGSIPNCLGNVTSLRELHIGSNKLSSNIPTSLGNLKDLIELDLSSNHMVGSLPPEIGNLKAVTLIDLSMNRFSNGIPIEIGGLQNLVHLSLRHNKLQGSIPDSVSNMVGLEFLDISHNNISGTIPMSMEKLQNLKYFNVSVNKLYGEIPSGGPFKNLSSQFFIGNEALCGSSRFSVPPCATSSKHRSNRKKMLVLFLVLGIALVFVPITFVFLRIRYRRGKRSPQQADSLSIATTERISYYELLQATDSLSDRNLIGSGSFGSVYKGVLRSGTAIAVKVFNLQLEAAFKSFDTECEVLRSLRHRNLVKVITSCSNLDFKALVLEYMPNGSLDKYLYSHNYFLDIRQRLSIMIDVACALEYLHHGCSLPVIHCDLKPGNVLLDEDMVAHLSDFGISKLLGEDESDLYTKTLATLGYIAPEYGLDGRVSIKCDVYSYGIMLLETFTRRKPNEFEGDLSLKQWVSYSLPEAVMDVMDANLVTPMDNRLPKELDIVASIMKVALDCCAESPTRRTNMKDVVGMLQKIKIQLLAC,RNLIGSGSFGSVYKGVLRSGTAIAVKVFNLQLEAAFKSFDTECEVLRSLRHRNLVKVITSCSNLDFKALVLEYMPNGSLDKYLYSHNYFLDIRQRLSIMIDVACALEYLHHGCSLPVIHCDLKPGNVLLDEDMVAHLSDFGISKLLGEDESDLYTKTLATLGYIAPEYGLDGRVSIKCDVYSYGIMLLETFTRRKPNEFEGDLSLKQWVSYSLPEAVMDVMDANLVTPMDNRLPKELDIVASIMKVALDCCAESPTRRTNMKDVV,OQ999479
TAR856-5_NR_1,TAR856-5,S. tarijense,MEKAFTFFLLTILLLLHYVMTQTNITTDQLALLSLKSQISSDPFHYLDESWSPTIYVCHWVGVTCDYRHQRVKSLNLSDMALSGRIPRDFGNLTFLVSLDLGRNNFHGNLPQEMVRLRRLKFLKLSFNNLRGEIPSWFGFLHQLQVLNLGNNSFTGFIPPSLSNASRLETLQISANLLEGNIPEEIGNLHNLKLLSIQYNKLTGSIPFTIFNISSIQVIAFTNNSLSGNLPNGLCNGLPILKKLYLSGNKLHGHMPTSLSNCSQLQTLSLFENDFDGPIHSEIGRLSNLQILYLGSNHFTGIIPQEIGNLVNLMELDMERNQITSSIPISIFNMSSLQVVTLGANNLKGSLPREIGNLTKLQYLYLHENRFTGEIPNEIRNLVELEVLDLQFNSFSGSLPMEIFNISRLRNIGLSGNNLSGTLPPNIGSTLPNIETLYLNSLTNLVGTIPHSISNCSKLTRLDLSGNKLSGLIPNSLGYLTHLNILRLRRNNLTSDSFLSFLTSLTNCRNLRRLSLSFNPLNAMLPVSVGNFSISLINFEANDCNIKGKIPNEVGNLSCLLNLVLSDNNLIGSIPTSIHNLRSLQHLDLNNNKLTGFIGDNLCKLQHLGDIYLGQTQLSGALPNCLGNVTSLRFLHLDSNKLSSNIPPSLGNLRDLVELNLSSNNMVGSLPPEIGNLKAATLIDLSMNQFSNGIPIEIGGLLNLVKFSLRHNKLQGSIPDSMSNMVGLEFLDISHNNISGTIPMSLEKLQYLKYFNVSDNKLYGEIPSGGPFKNLSSQFFINNEALCGFSRFSVPPCPTSSKHRSNRKKLLVLFLLLGIALVVVPVAFLFLWIRYRRGKRAPQQADSLSIVTTERISYYELLQATDSLSESNLIGSGSFGSVYKGVLRSGTAIAVKVFNLQLEAAFKSFDTECEVLRSLRHRNLVKVITSCSNLDFKALVLEYMPNGSLDKYLYSHNYFLDIRQRLSIMIDVACALEYFHHGCSSPVIHCDIRPSNVLLDEDMVAHLSDFGISNLLGEDETDLYTKTLATFGYIAPEYGLDGLVSVKCDVYSYGIMLLETFTRRKPSDFEGDLSLKQWVSHSLPEAVMDVVDANLATPTDNRLQKKLDVVASIMKVALDCCAESPARRTNMKDVVGMLQKIKIQLLAC,SNLIGSGSFGSVYKGVLRSGTAIAVKVFNLQLEAAFKSFDTECEVLRSLRHRNLVKVITSCSNLDFKALVLEYMPNGSLDKYLYSHNYFLDIRQRLSIMIDVACALEYFHHGCSSPVIHCDIRPSNVLLDEDMVAHLSDFGISNLLGEDETDLYTKTLATFGYIAPEYGLDGLVSVKCDVYSYGIMLLETFTRRKPSDFEGDLSLKQWVSHSLPEAVMDVVDANLATPTDNRLQKKLDVVASIMKVALDCCAESPARRTNMKDVV,OQ999480
TAR856-5_NR_2,TAR856-5,S. tarijense,MEKAFTFFLLTILLLLHYVMTQTNITTDQLALLSLKSQISSNPFHYLDESWSPAINVCRWVGVTCGSRHQRVKSLNLSNMALTGRIPRDFGNLTFLVSLDLGRNNFHGNLPQEMVRLRRLKFLKLSFNKFSGEIPSWFGFLKQLQVLNLGKNSFTGSIPPSLSNASRLETLEISANLLEGNIPEEIGNLHNLKVLSIQYNKLTGSIAFTIFNISSIQVIAFTNNSLSGNLPNGLCNGLPILKGLYLSINNLHGHMPTSLSNCSQLQLLYLDSNHFTGVIPQEIGNLVNLMELGVDRNQITSSIPISIFNISSLQFVSLGTNNLKGSLPREIGNLTKMQFLYLHENWFTGEIPKEMRNLVELEEFDVGLNSFSGSLPMEMFNISGMREIDLSGNNLSGTLPPNIGSTLPNIEGFYLASLTNLVGTIPHSISNCSKLTKLDLSRNKLTGLIPNSLGYLTHLQYLNLRLNNLTSDSFLSFLTSLTNCRNLIFLAVSFNPLNGMLPVSVGNFSKSLVKLYAGACKINGQIPNEVGNLSSLLDLSLSDNNMIGSIPTSTRNMRNLQRMYFDYNKLTGFIGDHICKLQHLGAIYLAQNQLSGALPNCLGNVTSLRFLHLDSNKLISNIPPSLGNLRDLMELNLSSNNMVGSLPPEIGNLKAATLIDLSMNQFSNGIPIEIGGLLNLVKFSLRHNKLQGSIPDSMSNMVGLEFLDISHNNISGTIPMSLEKLQYLKYFNVSDNKLYGEIPSGGPFKNLSSQFFINNEALCGFSRFSVPPCPTSSKHRSNRKKLLVLFLLLGIALVVVPVAFLFLWIRYRRGKRAPQQADSLSIVTTERISYYELLQATDSLSESNLIGSGSFGSVYKGVLRSGTAIAVKVFNLQLEAAFKSFDTECEVLRSLRHRNLVKVITSCSNLDFKALVLEYMPNGSLDKYLYSHNYFLDIRQRLSIMIDVACALEYFHHGCSSPVIHCDIRPSNVLLDEDMVAHLSDFGISNLLGEDETDLYTKTLATFGYIAPEYGLDGLVSVKCDVYSYGIMLLETFTRRKPSDFEGDLSLKQWVSHSLPEAVMDVVDANLATPTDNRLQKKLDVVASIMKVALDCCAESPARRTNMKDVVGMLQKIKIQLLAC,SNLIGSGSFGSVYKGVLRSGTAIAVKVFNLQLEAAFKSFDTECEVLRSLRHRNLVKVITSCSNLDFKALVLEYMPNGSLDKYLYSHNYFLDIRQRLSIMIDVACALEYFHHGCSSPVIHCDIRPSNVLLDEDMVAHLSDFGISNLLGEDETDLYTKTLATFGYIAPEYGLDGLVSVKCDVYSYGIMLLETFTRRKPSDFEGDLSLKQWVSHSLPEAVMDVVDANLATPTDNRLQKKLDVVASIMKVALDCCAESPARRTNMKDVV,OQ999481
TAR856-5_NR_3,TAR856-5,S. tarijense,MEKAFTFFLLTILLLLHYVMTQTNITTDQLALLSLKSQISSNPFHYLDESWSPAINVCRWVGVTCGSRHQRVKSLNLSNMALTGRIPRDFGNLTFLVSLDLGRNNFHGNLPQEMVRLRRLKFLKLSFNKFSGEIPSWFGFLKQLQVLNLGKNSFTGSIPPSLSNASRLETLEISANLLEGNIPEEIGNLHNLKVLSIQYNKLTGSIAFTIFNISSIQVIAFTNNSLSGNLPNGLCNGLPILKGLYLSINNLHGHMPTSLSNCSQLQLLYLDSNHFTGVIPQEIGNLVNLMELGVDRNQITSSIPISIFNISSLQFVSLGTNNLKGSLPREIGNLTKMQFLYLHENWFTGEIPKEMRNLVELEEFDVGLNSFSGSLPMEMFNISGMREIDLSGNNLSGTLPPNIGSTLPNIEGFYLASLTNLVGTIPHSISNCSKLTKLDLSRNKLTGLIPNSLGYLTHLQYLNLRLNNLTSDSFLSFLTSLTNCRNLIFLAVSFNPLNGMLPVSVGNFSKSLVKLYAGACKINGQIPNEVGNLSSLLDLSLSDNNMIGSIPTSTRNMRNLQRMYFDYNKLTGFIGDHICKLQHLGAIYLAQNQLSGALPNCLGNVTSLRFLHLDSNKLISNIPPSLGNLRDLMELNLSSNNMVGSLPPEIGNLKAATLIDLSMNQFSNGIPIEIGGLLNLVKFSLRHNKLQGSIPDSMSNMVGLEFLDISHNNISGTIPMSLEKLQYLKYFNVSDNKLYGEIPSGGPFKNLSSQFFINNEALCGFSRFSVPPCPTSSKHRSNRKKLLVLFLLLGIALVVVPVAFLFLWIRYRRGKRAPQQADSLSIVTTERISYYELLQATDSLSESNLIGSGSFGSVYKGVLGSGTAIAVKVFNLQLEAAFKSFDTECEVLRSLRHRNLVKVITSCSNLDFKALVLEYMPNGSLDKYLYSHNYFLDIRQRLSIMIDVACALEYFHHGCSSPVIHCDIRPSNVLLDEDMVAHLSDLGISNLPGEDETDLYTKTLATFGYIAPEYGLDGLVSVKCDVYSYGIMLLETFTRRKPSDFEGDLSLKQWVSYSLPEAVMDVMDANLVTPMDNRLQKELDIVASIMKVALDCCAESPTRRTNMKDVVGMLQKIKIQLLAC,SNLIGSGSFGSVYKGVLGSGTAIAVKVFNLQLEAAFKSFDTECEVLRSLRHRNLVKVITSCSNLDFKALVLEYMPNGSLDKYLYSHNYFLDIRQRLSIMIDVACALEYFHHGCSSPVIHCDIRPSNVLLDEDMVAHLSDLGISNLPGEDETDLYTKTLATFGYIAPEYGLDGLVSVKCDVYSYGIMLLETFTRRKPSDFEGDLSLKQWVSYSLPEAVMDVMDANLVTPMDNRLQKELDIVASIMKVALDCCAESPTRRTNMKDVV,OQ999482
